Sim_Time,Distance_m,Confidence,P_Obstacle,K_Collision,C_Severity,Total_Risk,BT_State
56.43,15.8479,0.7713,0.889,1.0,0.0946,0.0841,MONITORING
56.52,15.8479,0.7713,0.889,1.0,0.0946,0.0841,MONITORING
56.61,15.8479,0.7713,0.889,1.0,0.0946,0.0841,MONITORING
56.71,15.5947,0.7056,0.8182,1.0,0.0962,0.0787,MONITORING
56.81,15.9258,0.4061,0.3514,1.0,0.0942,0.0331,MONITORING
57.47,15.727,0.472,0.46,1.0,0.0954,0.0439,MONITORING
57.51,15.727,0.472,0.46,1.0,0.0954,0.0439,MONITORING
57.64,15.7331,0.3676,0.2916,1.0,0.0953,0.0278,MONITORING
57.67,15.7331,0.3676,0.2916,1.0,0.0953,0.0278,MONITORING
57.76,15.3558,0.2836,0.1772,1.0,0.0977,0.0173,MONITORING
57.82,15.3558,0.2836,0.1772,1.0,0.0977,0.0173,MONITORING
57.91,15.6936,0.2896,0.1845,1.0,0.0956,0.0176,MONITORING
57.97,15.6936,0.2896,0.1845,1.0,0.0956,0.0176,MONITORING
58.02,15.6936,0.2896,0.1845,1.0,0.0956,0.0176,MONITORING
58.1,15.6936,0.2896,0.1845,1.0,0.0956,0.0176,MONITORING
58.18,15.6936,0.2896,0.1845,1.0,0.0956,0.0176,MONITORING
58.27,15.2505,0.2604,0.1501,1.0,0.0984,0.0148,MONITORING
58.31,15.2505,0.2604,0.1501,1.0,0.0984,0.0148,MONITORING
58.41,15.1132,0.5183,0.538,1.0,0.0993,0.0534,MONITORING
58.56,15.5126,0.704,0.8163,1.0,0.0967,0.0789,MONITORING
58.62,15.5126,0.704,0.8163,1.0,0.0967,0.0789,MONITORING
58.68,15.5126,0.704,0.8163,1.0,0.0967,0.0789,MONITORING
58.72,15.5126,0.704,0.8163,1.0,0.0967,0.0789,MONITORING
58.81,15.5126,0.704,0.8163,1.0,0.0967,0.0789,MONITORING
58.89,15.5126,0.704,0.8163,1.0,0.0967,0.0789,MONITORING
59.21,15.3816,0.3078,0.2076,1.0,0.0975,0.0202,MONITORING
59.41,14.9688,0.376,0.3043,1.0,0.1002,0.0305,MONITORING
59.43,14.9688,0.376,0.3043,1.0,0.1002,0.0305,MONITORING
59.49,14.9688,0.376,0.3043,1.0,0.1002,0.0305,MONITORING
59.71,14.8349,0.6585,0.7572,1.0,0.1011,0.0766,MONITORING
59.76,14.7367,0.3663,0.2897,1.0,0.1018,0.0295,MONITORING
59.81,14.7367,0.3663,0.2897,1.0,0.1018,0.0295,MONITORING
59.92,14.7556,0.5692,0.6223,1.0,0.1017,0.0633,MONITORING
59.97,14.4269,0.4135,0.3632,1.0,0.104,0.0378,MONITORING
59.99,14.4269,0.4135,0.3632,1.0,0.104,0.0378,MONITORING
60.06,14.503,0.2576,0.147,1.0,0.1034,0.0152,MONITORING
60.11,14.503,0.2576,0.147,1.0,0.1034,0.0152,MONITORING
60.16,14.503,0.2576,0.147,1.0,0.1034,0.0152,MONITORING
60.21,14.503,0.2576,0.147,1.0,0.1034,0.0152,MONITORING
60.27,14.503,0.2576,0.147,1.0,0.1034,0.0152,MONITORING
60.38,14.4404,0.4718,0.4596,1.0,0.1039,0.0477,MONITORING
60.39,14.4404,0.4718,0.4596,1.0,0.1039,0.0477,MONITORING
60.5,14.2216,0.3964,0.336,1.0,0.1055,0.0354,MONITORING
60.51,14.2216,0.3964,0.336,1.0,0.1055,0.0354,MONITORING
60.56,14.2216,0.3964,0.336,1.0,0.1055,0.0354,MONITORING
60.61,14.2216,0.3964,0.336,1.0,0.1055,0.0354,MONITORING
60.7,14.0277,0.4527,0.4276,1.0,0.1069,0.0457,MONITORING
60.71,14.0277,0.4527,0.4276,1.0,0.1069,0.0457,MONITORING
60.76,14.0277,0.4527,0.4276,1.0,0.1069,0.0457,MONITORING
60.81,14.0277,0.4527,0.4276,1.0,0.1069,0.0457,MONITORING
60.9,14.2017,0.404,0.348,1.0,0.1056,0.0368,MONITORING
60.93,14.2017,0.404,0.348,1.0,0.1056,0.0368,MONITORING
60.99,14.2017,0.404,0.348,1.0,0.1056,0.0368,MONITORING
61.19,14.1285,0.5283,0.5548,1.0,0.1062,0.0589,MONITORING
61.19,14.1285,0.5283,0.5548,1.0,0.1062,0.0589,MONITORING
61.24,14.1285,0.5283,0.5548,1.0,0.1062,0.0589,MONITORING
61.29,14.1285,0.5283,0.5548,1.0,0.1062,0.0589,MONITORING
61.39,13.8652,0.4255,0.3827,1.0,0.1082,0.0414,MONITORING
61.4,13.8652,0.4255,0.3827,1.0,0.1082,0.0414,MONITORING
61.79,13.1959,0.2658,0.1563,1.0,0.1137,0.0178,MONITORING
61.8,13.1959,0.2658,0.1563,1.0,0.1137,0.0178,MONITORING
61.99,13.4411,0.378,0.3075,1.0,0.1116,0.0343,MONITORING
62.01,13.4411,0.378,0.3075,1.0,0.1116,0.0343,MONITORING
62.54,13.5801,0.3073,0.2069,1.0,0.1105,0.0229,MONITORING
62.58,13.5801,0.3073,0.2069,1.0,0.1105,0.0229,MONITORING
62.63,13.5801,0.3073,0.2069,1.0,0.1105,0.0229,MONITORING
62.67,13.5801,0.3073,0.2069,1.0,0.1105,0.0229,MONITORING
62.71,13.5801,0.3073,0.2069,1.0,0.1105,0.0229,MONITORING
62.77,13.5801,0.3073,0.2069,1.0,0.1105,0.0229,MONITORING
62.81,13.5801,0.3073,0.2069,1.0,0.1105,0.0229,MONITORING
62.87,13.5801,0.3073,0.2069,1.0,0.1105,0.0229,MONITORING
62.91,13.5801,0.3073,0.2069,1.0,0.1105,0.0229,MONITORING
62.99,13.2687,0.285,0.1788,1.0,0.113,0.0202,MONITORING
63.01,13.2687,0.285,0.1788,1.0,0.113,0.0202,MONITORING
63.89,12.5023,0.3402,0.2517,1.0,0.12,0.0302,MONITORING
63.89,12.5023,0.3402,0.2517,1.0,0.12,0.0302,MONITORING
64.39,12.5924,0.3419,0.2541,1.0,0.1191,0.0303,MONITORING
64.4,12.5924,0.3419,0.2541,1.0,0.1191,0.0303,MONITORING
64.44,12.5924,0.3419,0.2541,1.0,0.1191,0.0303,MONITORING
64.49,12.5924,0.3419,0.2541,1.0,0.1191,0.0303,MONITORING
64.55,12.3591,0.5204,0.5416,1.0,0.1214,0.0657,MONITORING
64.59,12.3591,0.5204,0.5416,1.0,0.1214,0.0657,MONITORING
64.64,12.5137,0.351,0.2672,1.0,0.1199,0.032,MONITORING
64.68,12.5137,0.351,0.2672,1.0,0.1199,0.032,MONITORING
64.73,12.5137,0.351,0.2672,1.0,0.1199,0.032,MONITORING
64.78,12.5137,0.351,0.2672,1.0,0.1199,0.032,MONITORING
64.83,12.5137,0.351,0.2672,1.0,0.1199,0.032,MONITORING
64.88,12.5137,0.351,0.2672,1.0,0.1199,0.032,MONITORING
65.89,11.9606,0.7405,0.858,1.0,0.1254,0.1076,MONITORING
65.9,11.9606,0.7405,0.858,1.0,0.1254,0.1076,MONITORING
65.99,11.6784,0.5124,0.528,1.0,0.1284,0.0678,MONITORING
66.0,11.6784,0.5124,0.528,1.0,0.1284,0.0678,MONITORING
66.04,11.6784,0.5124,0.528,1.0,0.1284,0.0678,MONITORING
66.09,11.6784,0.5124,0.528,1.0,0.1284,0.0678,MONITORING
77.04,8.0864,0.2899,0.1848,1.0,0.1855,0.0343,MONITORING
77.09,8.0864,0.2899,0.1848,1.0,0.1855,0.0343,MONITORING
77.14,8.0864,0.2899,0.1848,1.0,0.1855,0.0343,MONITORING
77.19,8.0864,0.2899,0.1848,1.0,0.1855,0.0343,MONITORING
77.64,7.788,0.5319,0.5608,1.0,0.1926,0.108,MONITORING
77.68,7.788,0.5319,0.5608,1.0,0.1926,0.108,MONITORING
77.74,8.2349,0.4705,0.4574,1.0,0.1822,0.0833,MONITORING
77.79,8.2349,0.4705,0.4574,1.0,0.1822,0.0833,MONITORING
77.84,8.3937,0.4448,0.4144,1.0,0.1787,0.0741,MONITORING
77.89,8.3937,0.4448,0.4144,1.0,0.1787,0.0741,MONITORING
78.34,6.6345,0.2979,0.1949,1.0,0.2261,0.0441,MONITORING
78.39,6.6345,0.2979,0.1949,1.0,0.2261,0.0441,MONITORING
83.39,3.6806,0.3934,0.3314,1.0,0.4075,0.135,MONITORING
83.4,3.6806,0.3934,0.3314,1.0,0.4075,0.135,MONITORING
83.49,4.0022,0.2701,0.1612,1.0,0.3748,0.0604,MONITORING
83.51,4.0022,0.2701,0.1612,1.0,0.3748,0.0604,MONITORING
83.59,3.9303,0.5626,0.6115,1.0,0.3816,0.2334,MONITORING
83.62,3.9303,0.5626,0.6115,1.0,0.3816,0.2334,MONITORING
83.67,3.9303,0.5626,0.6115,1.0,0.3816,0.2334,MONITORING
83.72,3.9303,0.5626,0.6115,1.0,0.3816,0.2334,MONITORING
83.79,3.4828,0.584,0.6459,1.0,0.4307,0.2782,MONITORING
83.85,3.8968,0.5657,0.6166,1.0,0.3849,0.2373,MONITORING
83.87,3.8968,0.5657,0.6166,1.0,0.3849,0.2373,MONITORING
83.91,3.8968,0.5657,0.6166,1.0,0.3849,0.2373,MONITORING
83.96,3.8968,0.5657,0.6166,1.0,0.3849,0.2373,MONITORING
84.01,3.8968,0.5657,0.6166,1.0,0.3849,0.2373,MONITORING
84.08,3.8968,0.5657,0.6166,1.0,0.3849,0.2373,MONITORING
84.15,3.6594,0.7707,0.8885,1.0,0.4099,0.3642,PLANNING
84.18,3.6594,0.7707,0.8885,1.0,0.4099,0.3642,PLANNING
84.24,3.4388,0.827,0.9353,1.0,0.4362,0.408,PLANNING
84.28,3.4388,0.827,0.9353,1.0,0.4362,0.408,PLANNING
84.35,3.4802,0.8861,0.9705,1.0,0.431,0.4183,PLANNING
84.39,3.4802,0.8861,0.9705,1.0,0.431,0.4183,PLANNING
84.49,3.5777,0.7195,0.8346,1.0,0.4193,0.3499,PLANNING
84.5,3.5777,0.7195,0.8346,1.0,0.4193,0.3499,PLANNING
84.55,3.5777,0.7195,0.8346,1.0,0.4193,0.3499,PLANNING
84.6,3.5777,0.7195,0.8346,1.0,0.4193,0.3499,PLANNING
84.69,3.5615,0.8554,0.9539,1.0,0.4212,0.4018,PLANNING
84.71,3.5615,0.8554,0.9539,1.0,0.4212,0.4018,PLANNING
84.77,3.5615,0.8554,0.9539,1.0,0.4212,0.4018,PLANNING
84.81,3.5615,0.8554,0.9539,1.0,0.4212,0.4018,PLANNING
84.87,3.5615,0.8554,0.9539,1.0,0.4212,0.4018,PLANNING
84.94,3.3334,0.7335,0.8504,1.0,0.45,0.3827,PLANNING
84.98,3.3334,0.7335,0.8504,1.0,0.45,0.3827,PLANNING
85.04,3.3334,0.7335,0.8504,1.0,0.45,0.3827,PLANNING
85.09,3.3334,0.7335,0.8504,1.0,0.45,0.3827,PLANNING
85.13,3.3334,0.7335,0.8504,1.0,0.45,0.3827,PLANNING
85.19,3.3334,0.7335,0.8504,1.0,0.45,0.3827,PLANNING
85.24,3.3334,0.7335,0.8504,1.0,0.45,0.3827,PLANNING
85.29,3.3334,0.7335,0.8504,1.0,0.45,0.3827,PLANNING
85.34,3.3334,0.7335,0.8504,1.0,0.45,0.3827,PLANNING
85.4,3.3334,0.7335,0.8504,1.0,0.45,0.3827,PLANNING
85.5,3.1151,0.446,0.4165,1.0,0.4815,0.2006,MONITORING
85.5,3.1151,0.446,0.4165,1.0,0.4815,0.2006,MONITORING
85.55,3.1151,0.446,0.4165,1.0,0.4815,0.2006,MONITORING
85.6,3.1151,0.446,0.4165,1.0,0.4815,0.2006,MONITORING
85.65,3.1151,0.446,0.4165,1.0,0.4815,0.2006,MONITORING
85.7,3.1151,0.446,0.4165,1.0,0.4815,0.2006,MONITORING
85.74,3.1151,0.446,0.4165,1.0,0.4815,0.2006,MONITORING
85.79,3.1151,0.446,0.4165,1.0,0.4815,0.2006,MONITORING
85.85,2.5891,0.5879,0.6522,1.0,0.5794,0.3778,MONITORING
85.88,2.5891,0.5879,0.6522,1.0,0.5794,0.3778,PLANNING
85.94,2.9318,0.8439,0.9467,1.0,0.5116,0.4844,PLANNING
85.97,2.9318,0.8439,0.9467,1.0,0.5116,0.4844,PLANNING
86.04,2.8357,0.9154,0.9829,1.0,0.529,0.5199,PLANNING
86.06,2.8357,0.9154,0.9829,1.0,0.529,0.5199,PLANNING
86.11,2.8357,0.9154,0.9829,1.0,0.529,0.5199,PLANNING
86.15,2.8357,0.9154,0.9829,1.0,0.529,0.5199,PLANNING
86.2,2.8357,0.9154,0.9829,1.0,0.529,0.5199,PLANNING
86.29,2.4841,0.8541,0.9531,1.0,0.6038,0.5755,PLANNING
86.3,2.4841,0.8541,0.9531,1.0,0.6038,0.5755,PLANNING
86.34,2.6104,0.8155,0.9268,1.0,0.5746,0.5325,PLANNING
86.38,2.6104,0.8155,0.9268,1.0,0.5746,0.5325,PLANNING
86.43,2.6104,0.8155,0.9268,1.0,0.5746,0.5325,PLANNING
86.47,2.6104,0.8155,0.9268,1.0,0.5746,0.5325,PLANNING
86.51,2.6104,0.8155,0.9268,1.0,0.5746,0.5325,PLANNING
86.57,2.6104,0.8155,0.9268,1.0,0.5746,0.5325,PLANNING
86.61,2.6104,0.8155,0.9268,1.0,0.5746,0.5325,PLANNING
86.66,2.6104,0.8155,0.9268,1.0,0.5746,0.5325,PLANNING
86.7,2.6104,0.8155,0.9268,1.0,0.5746,0.5325,PLANNING
86.79,2.5478,0.8966,0.9753,1.0,0.5887,0.5742,PLANNING
86.8,2.5478,0.8966,0.9753,1.0,0.5887,0.5742,PLANNING
86.84,2.5288,0.9115,0.9814,1.0,0.5932,0.5821,PLANNING
86.87,2.5288,0.9115,0.9814,1.0,0.5932,0.5821,PLANNING
86.91,2.5288,0.9115,0.9814,1.0,0.5932,0.5821,PLANNING
86.96,2.5288,0.9115,0.9814,1.0,0.5932,0.5821,PLANNING
87.01,2.5288,0.9115,0.9814,1.0,0.5932,0.5821,PLANNING
87.1,2.0482,0.9027,0.9779,1.0,0.7323,0.7162,PLANNING
87.1,2.0482,0.9027,0.9779,1.0,0.7323,0.7162,PLANNING
87.19,2.1257,0.8605,0.9569,1.0,0.7056,0.6752,PLANNING
87.19,2.1257,0.8605,0.9569,1.0,0.7056,0.6752,PLANNING
87.24,2.2845,0.8903,0.9725,1.0,0.6566,0.6385,PLANNING
87.28,2.2845,0.8903,0.9725,1.0,0.6566,0.6385,PLANNING
87.33,2.2845,0.8903,0.9725,1.0,0.6566,0.6385,PLANNING
87.37,2.2845,0.8903,0.9725,1.0,0.6566,0.6385,PLANNING
87.41,2.2845,0.8903,0.9725,1.0,0.6566,0.6385,PLANNING
87.47,2.2845,0.8903,0.9725,1.0,0.6566,0.6385,PLANNING
87.51,2.2845,0.8903,0.9725,1.0,0.6566,0.6385,PLANNING
87.55,2.2845,0.8903,0.9725,1.0,0.6566,0.6385,PLANNING
87.59,2.2845,0.8903,0.9725,1.0,0.6566,0.6385,PLANNING
87.64,2.2845,0.8903,0.9725,1.0,0.6566,0.6385,PLANNING
87.69,2.2845,0.8903,0.9725,1.0,0.6566,0.6385,PLANNING
87.74,2.3095,0.9119,0.9815,1.0,0.6495,0.6375,PLANNING
87.77,2.3095,0.9119,0.9815,1.0,0.6495,0.6375,PLANNING
87.81,2.3095,0.9119,0.9815,1.0,0.6495,0.6375,PLANNING
87.86,2.3095,0.9119,0.9815,1.0,0.6495,0.6375,PLANNING
87.9,2.3095,0.9119,0.9815,1.0,0.6495,0.6375,PLANNING
87.99,2.347,0.9027,0.9779,1.0,0.6391,0.625,PLANNING
87.99,2.347,0.9027,0.9779,1.0,0.6391,0.625,PLANNING
88.03,2.347,0.9027,0.9779,1.0,0.6391,0.625,PLANNING
88.08,2.347,0.9027,0.9779,1.0,0.6391,0.625,PLANNING
88.14,1.9338,0.9091,0.9805,1.0,0.7757,0.7605,PLANNING
88.18,1.9338,0.9091,0.9805,1.0,0.7757,0.7605,DANGER
88.22,1.9338,0.9091,0.9805,1.0,0.7757,0.7605,DANGER
88.27,1.9338,0.9091,0.9805,1.0,0.7757,0.7605,DANGER
88.3,1.9338,0.9091,0.9805,1.0,0.7757,0.7605,DANGER
88.39,1.3661,0.8857,0.9703,1.0,1.0,0.9703,DANGER
88.39,1.3661,0.8857,0.9703,1.0,1.0,0.9703,DANGER
88.43,1.3661,0.8857,0.9703,1.0,1.0,0.9703,DANGER
88.47,1.3661,0.8857,0.9703,1.0,1.0,0.9703,DANGER
88.51,1.3661,0.8857,0.9703,1.0,1.0,0.9703,DANGER
88.59,1.8003,0.8457,0.9479,1.0,0.8332,0.7898,DANGER
88.6,1.8003,0.8457,0.9479,1.0,0.8332,0.7898,DANGER
88.64,1.4551,0.7536,0.8717,1.0,1.0,0.8717,DANGER
88.68,1.4551,0.7536,0.8717,1.0,1.0,0.8717,DANGER
88.71,1.4551,0.7536,0.8717,1.0,1.0,0.8717,DANGER
88.76,1.4551,0.7536,0.8717,1.0,1.0,0.8717,DANGER
88.8,1.4551,0.7536,0.8717,1.0,1.0,0.8717,DANGER
88.84,1.4551,0.7536,0.8717,1.0,1.0,0.8717,DANGER
88.89,1.4551,0.7536,0.8717,1.0,1.0,0.8717,DANGER
88.94,1.4551,0.7536,0.8717,1.0,1.0,0.8717,DANGER
88.97,1.4551,0.7536,0.8717,1.0,1.0,0.8717,DANGER
89.01,1.4551,0.7536,0.8717,1.0,1.0,0.8717,DANGER
89.09,1.5736,0.8069,0.92,1.0,0.9533,0.877,DANGER
89.1,1.5736,0.8069,0.92,1.0,0.9533,0.877,DANGER
89.19,1.4327,0.8504,0.9508,1.0,1.0,0.9508,DANGER
89.19,1.4327,0.8504,0.9508,1.0,1.0,0.9508,DANGER
89.24,1.4919,0.8188,0.9292,1.0,1.0,0.9292,DANGER
89.27,1.4919,0.8188,0.9292,1.0,1.0,0.9292,DANGER
89.31,1.4919,0.8188,0.9292,1.0,1.0,0.9292,DANGER
89.35,1.4919,0.8188,0.9292,1.0,1.0,0.9292,DANGER
89.4,1.4919,0.8188,0.9292,1.0,1.0,0.9292,DANGER
89.44,1.4919,0.8188,0.9292,1.0,1.0,0.9292,DANGER
89.48,1.4919,0.8188,0.9292,1.0,1.0,0.9292,DANGER
89.55,1.0862,0.8732,0.964,1.0,1.0,0.964,DANGER
89.57,1.0862,0.8732,0.964,1.0,1.0,0.964,DANGER
89.61,1.0862,0.8732,0.964,1.0,1.0,0.964,DANGER
89.66,1.0862,0.8732,0.964,1.0,1.0,0.964,DANGER
89.71,1.0862,0.8732,0.964,1.0,1.0,0.964,DANGER
89.75,1.0862,0.8732,0.964,1.0,1.0,0.964,DANGER
89.78,1.0862,0.8732,0.964,1.0,1.0,0.964,DANGER
89.84,1.2097,0.8406,0.9446,1.0,1.0,0.9446,DANGER
89.87,1.2097,0.8406,0.9446,1.0,1.0,0.9446,DANGER
89.91,1.2097,0.8406,0.9446,1.0,1.0,0.9446,DANGER
89.95,1.2097,0.8406,0.9446,1.0,1.0,0.9446,DANGER
89.99,1.2097,0.8406,0.9446,1.0,1.0,0.9446,DANGER
90.04,1.3134,0.8619,0.9577,1.0,1.0,0.9577,DANGER
90.07,1.3134,0.8619,0.9577,1.0,1.0,0.9577,DANGER
90.11,1.3134,0.8619,0.9577,1.0,1.0,0.9577,DANGER
90.16,1.3134,0.8619,0.9577,1.0,1.0,0.9577,DANGER
90.19,1.3134,0.8619,0.9577,1.0,1.0,0.9577,DANGER
90.24,1.2572,0.8902,0.9724,1.0,1.0,0.9724,DANGER
90.28,1.2572,0.8902,0.9724,1.0,1.0,0.9724,DANGER
90.31,1.2572,0.8902,0.9724,1.0,1.0,0.9724,DANGER
90.37,1.2572,0.8902,0.9724,1.0,1.0,0.9724,DANGER
90.41,1.2572,0.8902,0.9724,1.0,1.0,0.9724,DANGER
90.49,1.0141,0.8828,0.9688,1.0,1.0,0.9688,DANGER
90.49,1.0141,0.8828,0.9688,1.0,1.0,0.9688,DANGER
90.54,1.0141,0.8828,0.9688,1.0,1.0,0.9688,DANGER
90.58,1.0141,0.8828,0.9688,1.0,1.0,0.9688,DANGER
90.64,1.4115,0.8338,0.94,1.0,1.0,0.94,DANGER
90.66,1.4115,0.8338,0.94,1.0,1.0,0.94,DANGER
90.7,1.4115,0.8338,0.94,1.0,1.0,0.94,DANGER
90.79,1.3552,0.8001,0.9145,1.0,1.0,0.9145,DANGER
90.79,1.3552,0.8001,0.9145,1.0,1.0,0.9145,DANGER
90.84,1.1756,0.6742,0.7785,1.0,1.0,0.7785,DANGER
90.88,1.1756,0.6742,0.7785,1.0,1.0,0.7785,DANGER
90.92,1.1756,0.6742,0.7785,1.0,1.0,0.7785,DANGER
90.97,1.1756,0.6742,0.7785,1.0,1.0,0.7785,DANGER
91.01,1.1756,0.6742,0.7785,1.0,1.0,0.7785,DANGER
91.09,1.2771,0.797,0.9119,1.0,1.0,0.9119,DANGER
91.11,1.2771,0.797,0.9119,1.0,1.0,0.9119,DANGER
