type,x,y
path,-10.976638875132831,-12.50050539123427
path,-10.976633986109213,-12.500515494768608
path,-10.976628999977704,-12.500525745901749
path,-10.976623924366418,-12.500536129784084
path,-10.976618766247775,-12.500546632848922
path,-10.976613531985658,-12.500557242722797
path,-10.976608227380936,-12.50056794813796
path,-10.976602857715031,-12.500578738847878
path,-10.976597427791324,-12.500589605546455
path,-10.976591941974194,-12.500600539791384
path,-10.976586404225722,-12.500611533931908
path,-10.976580801545754,-12.500622550612626
path,-10.976574833598045,-12.500632998988113
path,-10.976568716014949,-12.500642852916314
path,-10.976562696045635,-12.500652266689254
path,-10.976560247909145,-12.500662286210963
path,-10.976554012151677,-12.500670189169226
path,-10.976547720285101,-12.500677516604911
path,-10.976541358126775,-12.500684284680373
path,-10.97653493421456,-12.500690550391562
path,-10.976528456291947,-12.500696365201355
path,-10.976525783289661,-12.5007035792958
path,-10.976519255045295,-12.50070869293732
path,-10.976512615191632,-12.500713338235506
path,-10.976505945871144,-12.500717694007509
path,-10.976503939192304,-12.500723513652163
path,-10.9764972415779,-12.50072742389987
path,-10.97649046853015,-12.500731009337752
path,-10.97648761071905,-12.500736375517699
path,-10.976481058393468,-12.500740047809389
path,-10.976474497199348,-12.500743043558158
path,-10.976471652106671,-12.50074768276149
path,-10.976466801763054,-12.500750860578268
path,-10.9764622034498,-12.500753478204196
path,-10.97645813047289,-12.500756015770357
path,-10.976454532164256,-12.500758479548482
path,-10.976451661209811,-12.500760638269446
path,-10.976449106774567,-12.500762745288478
path,-10.976450175915332,-12.500766506730844
path,-10.976447759929131,-12.500768205051834
path,-10.976445117890185,-12.500770008938366
path,-10.976443525197864,-12.500771095510046
path,-10.976441881218582,-12.500772218026443
path,-10.976440285426477,-12.500773385621503
path,-10.976438761656107,-12.500774570327579
path,-10.976437266834628,-12.500775713022318
path,-10.97643646772566,-12.500776314311896
path,-10.976435717816212,-12.500776871523652
path,-10.976434261304481,-12.50077793076302
path,-10.976433476173012,-12.50077848676427
path,-10.976432751030222,-12.500778989686223
path,-10.976432010496731,-12.500779492647878
path,-10.976431269771922,-12.500779984949448
path,-10.976431269771922,-12.500779984949448
path,-10.976430490650367,-12.500780494681907
path,-10.976429705333837,-12.500780998805782
path,-10.976429705333837,-12.500780998805782
path,-10.976428941381666,-12.50078147754353
path,-10.976428941381666,-12.50078147754353
path,-10.976428148274,-12.500781961963746
path,-10.976428148274,-12.500781961963746
path,-10.976427356583802,-12.500782431274192
path,-10.976427356583802,-12.500782431274192
path,-10.976427356583802,-12.500782431274192
path,-10.976427356583802,-12.500782431274192
path,-10.976426554395974,-12.50078290258233
path,-10.976426554395974,-12.50078290258233
path,-10.976426554395974,-12.50078290258233
path,-10.976426554395974,-12.50078290258233
path,-10.976426554395974,-12.50078290258233
path,-10.976426554395974,-12.50078290258233
path,-10.976425781834607,-12.50078335121217
path,-10.976425781834607,-12.50078335121217
path,-10.976425781834607,-12.50078335121217
path,-10.976425781834607,-12.50078335121217
path,-10.976425781834607,-12.50078335121217
path,-10.976425781834607,-12.50078335121217
path,-10.976425781834607,-12.50078335121217
path,-10.976425781834607,-12.50078335121217
path,-10.976425781834607,-12.50078335121217
path,-10.976425781834607,-12.50078335121217
path,-10.976425781834607,-12.50078335121217
path,-10.976425781834607,-12.50078335121217
path,-10.976425781834607,-12.50078335121217
path,-10.976425027465815,-12.500783728870768
path,-10.976425027465815,-12.500783728870768
path,-10.976425027465815,-12.500783728870768
path,-10.976425027465815,-12.500783728870768
path,-10.976425027465815,-12.500783728870768
path,-10.976425027465815,-12.500783728870768
path,-10.976425027465815,-12.500783728870768
path,-10.976425027465815,-12.500783728870768
path,-10.976425027465815,-12.500783728870768
path,-10.976425027465815,-12.500783728870768
path,-10.976425027465815,-12.500783728870768
path,-10.976425027465815,-12.500783728870768
path,-10.976425027465815,-12.500783728870768
path,-10.976425027465815,-12.500783728870768
path,-10.976425027465815,-12.500783728870768
path,-10.976425027465815,-12.500783728870768
path,-10.976425027465815,-12.500783728870768
path,-10.976425027465815,-12.500783728870768
path,-10.976425027465815,-12.500783728870768
path,-10.976425027465815,-12.500783728870768
path,-10.976425027465815,-12.500783728870768
path,-10.976425027465815,-12.500783728870768
path,-10.976425027465815,-12.500783728870768
path,-10.976425027465815,-12.500783728870768
path,-10.976425027465815,-12.500783728870768
path,-10.976425027465815,-12.500783728870768
path,-10.976425027465815,-12.500783728870768
path,-10.976425027465815,-12.500783728870768
path,-10.976425027465815,-12.500783728870768
path,-10.976425027465815,-12.500783728870768
path,-10.976425027465815,-12.500783728870768
path,-10.976425027465815,-12.500783728870768
path,-10.976425027465815,-12.500783728870768
path,-10.976425027465815,-12.500783728870768
path,-10.976425027465815,-12.500783728870768
path,-10.976425027465815,-12.500783728870768
path,-10.976425027465815,-12.500783728870768
path,-10.976425027465815,-12.500783728870768
path,-10.976425027465815,-12.500783728870768
path,-10.976425027465815,-12.500783728870768
path,-10.976425027465815,-12.500783728870768
path,-10.976425027465815,-12.500783728870768
path,-10.976425027465815,-12.500783728870768
path,-10.976425027465815,-12.500783728870768
path,-10.976425027465815,-12.500783728870768
path,-10.976425027465815,-12.500783728870768
path,-10.976425027465815,-12.500783728870768
path,-10.976425027465815,-12.500783728870768
path,-10.976425027465815,-12.500783728870768
path,-10.976425027465815,-12.500783728870768
path,-10.976425027465815,-12.500783728870768
path,-10.976425027465815,-12.500783728870768
confirmed_rock,-11.62,-3.51
confirmed_rock,-10.34,-4.1
confirmed_rock,-6.82,-3.26
confirmed_rock,-10.34,-3.11
confirmed_rock,-9.51,-4.54
confirmed_rock,-8.35,-6.69
confirmed_rock,-10.78,-2.36
confirmed_rock,-10.91,-5.4
confirmed_rock,-7.95,-4.65
confirmed_rock,-12.37,-4.71
confirmed_rock,-11.92,-1.68
confirmed_rock,-12.88,-3.31
confirmed_rock,-7.5,-2.64
gt_rock,0.85,6.88
gt_rock,-11.98,7.91
gt_rock,11.97,8.31
gt_rock,25.95,30.55
gt_rock,10.0,13.69
