Sim_Time_s,X_Pos,Y_Pos,Velocity_ms,Risk,BT_State
9.74,0.0,0.0,0.0,0.0166,MONITORING
9.8,-10.925,-11.913,0.183,0.0166,MONITORING
9.9,-10.921,-11.896,0.177,0.0166,MONITORING
10.0,-10.917,-11.879,0.171,0.1121,MONITORING
10.1,-10.913,-11.863,0.164,0.1121,MONITORING
10.2,-10.909,-11.847,0.16,0.0305,MONITORING
10.3,-10.906,-11.833,0.145,0.0305,MONITORING
10.4,-10.902,-11.819,0.142,0.0,MONITORING
10.5,-10.899,-11.805,0.139,0.0,MONITORING
10.6,-10.896,-11.792,0.136,0.0038,MONITORING
10.7,-10.892,-11.779,0.132,0.0085,MONITORING
10.8,-10.889,-11.764,0.175,0.0485,MONITORING
10.9,-10.884,-11.747,0.169,0.0485,MONITORING
11.0,-10.88,-11.731,0.163,0.0,MONITORING
11.1,-10.876,-11.716,0.159,0.0,MONITORING
11.2,-10.872,-11.701,0.154,0.004,MONITORING
11.3,-10.867,-11.684,0.185,0.029,MONITORING
11.4,-10.862,-11.666,0.181,0.029,MONITORING
11.5,-10.857,-11.65,0.173,0.029,MONITORING
11.6,-10.853,-11.634,0.164,0.0527,MONITORING
11.7,-10.848,-11.618,0.158,0.0534,MONITORING
11.8,-10.843,-11.604,0.153,0.002,MONITORING
11.9,-10.839,-11.584,0.224,0.002,MONITORING
12.0,-10.832,-11.563,0.22,0.002,MONITORING
12.1,-10.826,-11.543,0.206,0.002,MONITORING
12.2,-10.82,-11.525,0.194,0.0009,MONITORING
12.3,-10.814,-11.507,0.185,0.1173,MONITORING
12.4,-10.808,-11.491,0.167,0.0,MONITORING
12.5,-10.803,-11.475,0.161,0.0,MONITORING
12.6,-10.799,-11.46,0.154,0.0487,MONITORING
12.7,-10.796,-11.446,0.147,0.0487,MONITORING
12.8,-10.794,-11.431,0.142,0.0,MONITORING
12.9,-10.791,-11.418,0.13,0.0,MONITORING
13.0,-10.789,-11.406,0.126,0.0,MONITORING
13.1,-10.786,-11.394,0.122,0.0,MONITORING
13.2,-10.784,-11.382,0.12,0.0,MONITORING
13.3,-10.781,-11.368,0.159,0.0,MONITORING
13.4,-10.778,-11.352,0.155,0.0,MONITORING
13.5,-10.774,-11.335,0.146,0.0,MONITORING
13.6,-10.771,-11.324,0.141,0.0,MONITORING
13.7,-10.769,-11.31,0.138,0.0,MONITORING
13.8,-10.765,-11.295,0.155,0.0,MONITORING
13.9,-10.762,-11.281,0.149,0.0,MONITORING
14.0,-10.759,-11.267,0.142,0.0,MONITORING
14.1,-10.756,-11.253,0.137,0.0,MONITORING
14.2,-10.753,-11.24,0.133,0.0,MONITORING
14.3,-10.75,-11.227,0.131,0.0,MONITORING
14.4,-10.747,-11.215,0.13,0.0,MONITORING
14.5,-10.744,-11.202,0.127,0.0,MONITORING
14.6,-10.741,-11.19,0.123,0.0001,MONITORING
14.7,-10.738,-11.178,0.12,0.0,MONITORING
14.8,-10.735,-11.167,0.119,0.0,MONITORING
14.9,-10.732,-11.156,0.115,0.0669,MONITORING
15.0,-10.73,-11.145,0.112,0.0,MONITORING
15.1,-10.727,-11.134,0.112,0.0,MONITORING
15.2,-10.724,-11.123,0.11,0.0615,MONITORING
15.3,-10.721,-11.113,0.108,0.0931,MONITORING
15.4,-10.718,-11.101,0.123,0.0,MONITORING
15.5,-10.715,-11.09,0.121,0.0,MONITORING
15.6,-10.712,-11.078,0.117,0.0,MONITORING
15.7,-10.709,-11.067,0.116,0.032,MONITORING
15.8,-10.706,-11.056,0.114,0.0588,MONITORING
15.9,-10.702,-11.045,0.111,0.0588,MONITORING
16.0,-10.699,-11.034,0.121,0.1057,MONITORING
16.1,-10.696,-11.022,0.118,0.0414,MONITORING
16.2,-10.692,-11.011,0.116,0.1146,MONITORING
16.3,-10.689,-11.0,0.114,0.0976,MONITORING
16.4,-10.686,-10.99,0.112,0.092,MONITORING
16.5,-10.682,-10.977,0.134,0.1301,MONITORING
16.6,-10.678,-10.965,0.132,0.1301,MONITORING
16.7,-10.674,-10.952,0.129,0.0875,MONITORING
16.8,-10.67,-10.94,0.126,0.0875,MONITORING
16.9,-10.666,-10.928,0.123,0.0875,MONITORING
17.0,-10.663,-10.917,0.12,0.0699,MONITORING
17.1,-10.658,-10.904,0.137,0.0699,MONITORING
17.2,-10.654,-10.891,0.134,0.0699,MONITORING
17.3,-10.65,-10.879,0.13,0.0699,MONITORING
17.4,-10.646,-10.867,0.127,0.0876,MONITORING
17.5,-10.641,-10.855,0.123,0.0876,MONITORING
17.6,-10.635,-10.836,0.264,0.0876,MONITORING
17.7,-10.626,-10.809,0.284,0.0876,MONITORING
17.8,-10.619,-10.783,0.256,0.0876,MONITORING
17.9,-10.613,-10.759,0.238,0.0876,MONITORING
18.0,-10.608,-10.738,0.176,0.0876,MONITORING
18.1,-10.602,-10.724,0.138,0.0998,MONITORING
18.2,-10.594,-10.706,0.272,0.1723,MONITORING
18.3,-10.584,-10.679,0.291,0.1169,MONITORING
18.4,-10.576,-10.65,0.297,0.1094,MONITORING
18.5,-10.569,-10.622,0.29,0.1094,MONITORING
18.6,-10.563,-10.596,0.273,0.0958,MONITORING
18.7,-10.556,-10.569,0.265,0.1079,MONITORING
18.8,-10.554,-10.547,0.219,0.1079,MONITORING
18.9,-10.554,-10.525,0.223,0.1079,MONITORING
19.0,-10.554,-10.505,0.178,0.0716,MONITORING
19.1,-10.555,-10.489,0.151,0.0608,MONITORING
19.2,-10.554,-10.474,0.142,0.0608,MONITORING
19.3,-10.553,-10.46,0.141,0.0383,MONITORING
19.4,-10.552,-10.446,0.143,0.1172,MONITORING
19.5,-10.552,-10.432,0.131,0.1172,MONITORING
19.6,-10.555,-10.42,0.124,0.0568,MONITORING
19.7,-10.558,-10.408,0.124,0.0359,MONITORING
19.8,-10.56,-10.396,0.125,0.0359,MONITORING
19.9,-10.563,-10.384,0.125,0.1172,MONITORING
20.0,-10.566,-10.371,0.127,0.1172,MONITORING
20.1,-10.568,-10.359,0.128,0.1172,MONITORING
20.2,-10.571,-10.346,0.129,0.1213,MONITORING
20.3,-10.574,-10.333,0.131,0.1213,MONITORING
20.4,-10.576,-10.32,0.133,0.1551,MONITORING
20.5,-10.578,-10.307,0.139,0.1551,MONITORING
20.6,-10.575,-10.292,0.152,0.1551,MONITORING
20.7,-10.571,-10.277,0.155,0.0477,MONITORING
20.8,-10.568,-10.262,0.152,0.0477,MONITORING
20.9,-10.565,-10.248,0.148,0.0644,MONITORING
21.0,-10.562,-10.234,0.145,0.0644,MONITORING
21.1,-10.558,-10.219,0.146,0.0644,MONITORING
21.2,-10.554,-10.205,0.148,0.0772,MONITORING
21.3,-10.55,-10.191,0.147,0.0561,MONITORING
21.4,-10.545,-10.178,0.147,0.0561,MONITORING
21.5,-10.54,-10.164,0.146,0.0669,MONITORING
21.6,-10.535,-10.15,0.146,0.0669,MONITORING
21.7,-10.529,-10.134,0.186,0.0376,MONITORING
21.8,-10.523,-10.113,0.246,0.0376,MONITORING
21.9,-10.514,-10.089,0.257,0.0013,MONITORING
22.0,-10.505,-10.066,0.236,0.0837,MONITORING
22.1,-10.497,-10.046,0.213,0.0837,MONITORING
22.2,-10.491,-10.026,0.205,0.107,MONITORING
22.3,-10.485,-10.007,0.188,0.107,MONITORING
22.4,-10.479,-9.989,0.191,0.107,MONITORING
22.5,-10.473,-9.972,0.182,0.2311,MONITORING
22.6,-10.468,-9.955,0.175,0.0475,MONITORING
22.7,-10.462,-9.938,0.178,0.0475,MONITORING
22.8,-10.457,-9.922,0.173,0.0898,MONITORING
22.9,-10.451,-9.906,0.168,0.044,MONITORING
23.0,-10.447,-9.89,0.165,0.044,MONITORING
23.1,-10.443,-9.874,0.165,0.0356,MONITORING
23.2,-10.439,-9.856,0.196,0.0357,MONITORING
23.3,-10.434,-9.836,0.205,0.0357,MONITORING
23.4,-10.43,-9.816,0.208,0.0357,MONITORING
23.5,-10.426,-9.796,0.203,0.0357,MONITORING
23.6,-10.424,-9.776,0.195,0.0357,MONITORING
23.7,-10.423,-9.757,0.197,0.0357,MONITORING
23.8,-10.423,-9.738,0.179,0.0357,MONITORING
23.9,-10.422,-9.721,0.175,0.0505,MONITORING
24.0,-10.42,-9.704,0.169,0.0676,MONITORING
24.1,-10.418,-9.687,0.164,0.0,MONITORING
24.2,-10.416,-9.671,0.161,0.0,MONITORING
24.3,-10.414,-9.655,0.163,0.0,MONITORING
24.4,-10.412,-9.639,0.162,0.0621,MONITORING
24.5,-10.41,-9.623,0.16,0.1037,MONITORING
24.6,-10.408,-9.607,0.158,0.1037,MONITORING
24.7,-10.406,-9.592,0.156,0.1799,MONITORING
24.8,-10.404,-9.577,0.149,0.0743,MONITORING
24.9,-10.402,-9.562,0.146,0.0743,MONITORING
25.0,-10.4,-9.548,0.143,0.0047,MONITORING
25.1,-10.399,-9.534,0.136,0.0209,MONITORING
25.2,-10.397,-9.521,0.13,0.0782,MONITORING
25.3,-10.397,-9.509,0.113,0.0782,MONITORING
25.4,-10.397,-9.5,0.082,0.0283,MONITORING
25.5,-10.398,-9.492,0.079,0.059,MONITORING
25.6,-10.397,-9.484,0.079,0.059,MONITORING
25.7,-10.397,-9.476,0.078,0.0493,MONITORING
25.8,-10.396,-9.468,0.078,0.0493,MONITORING
25.9,-10.396,-9.461,0.078,0.0493,MONITORING
26.0,-10.395,-9.453,0.076,0.0493,MONITORING
26.1,-10.394,-9.445,0.075,0.0579,MONITORING
26.2,-10.393,-9.438,0.074,0.0579,MONITORING
26.3,-10.392,-9.43,0.077,0.0579,MONITORING
26.4,-10.391,-9.423,0.075,0.0396,MONITORING
26.5,-10.391,-9.416,0.074,0.0669,MONITORING
26.6,-10.39,-9.408,0.078,0.0669,MONITORING
26.7,-10.388,-9.401,0.077,0.0493,MONITORING
26.8,-10.387,-9.393,0.076,0.0444,MONITORING
26.9,-10.386,-9.385,0.076,0.0444,MONITORING
27.0,-10.385,-9.378,0.077,0.0444,MONITORING
27.1,-10.384,-9.37,0.076,0.0444,MONITORING
27.2,-10.384,-9.363,0.076,0.051,MONITORING
27.3,-10.383,-9.355,0.075,0.0274,MONITORING
27.4,-10.382,-9.348,0.075,0.0274,MONITORING
27.5,-10.381,-9.34,0.074,0.0002,MONITORING
27.6,-10.38,-9.333,0.074,0.0002,MONITORING
27.7,-10.38,-9.326,0.073,0.0006,MONITORING
27.8,-10.379,-9.319,0.073,0.0006,MONITORING
27.9,-10.378,-9.312,0.068,0.0006,MONITORING
28.0,-10.376,-9.305,0.067,0.0006,MONITORING
28.1,-10.375,-9.298,0.067,0.0605,MONITORING
28.2,-10.373,-9.292,0.066,0.012,MONITORING
28.3,-10.372,-9.286,0.066,0.0339,MONITORING
28.4,-10.371,-9.279,0.065,0.0834,MONITORING
28.5,-10.369,-9.273,0.065,0.0834,MONITORING
28.6,-10.368,-9.267,0.064,0.0834,MONITORING
28.7,-10.367,-9.26,0.064,0.0864,MONITORING
28.8,-10.367,-9.254,0.058,0.0864,MONITORING
28.9,-10.369,-9.249,0.056,0.0303,MONITORING
29.0,-10.371,-9.244,0.056,0.0303,MONITORING
29.1,-10.373,-9.239,0.056,0.0303,MONITORING
29.2,-10.375,-9.233,0.057,0.0303,MONITORING
29.3,-10.377,-9.228,0.057,0.0303,MONITORING
29.4,-10.379,-9.223,0.057,0.0303,MONITORING
29.5,-10.381,-9.217,0.059,0.0303,MONITORING
29.6,-10.383,-9.212,0.059,0.0303,MONITORING
29.7,-10.385,-9.206,0.059,0.0303,MONITORING
29.8,-10.387,-9.2,0.059,0.0,MONITORING
29.9,-10.389,-9.195,0.06,0.0,MONITORING
30.0,-10.391,-9.189,0.06,0.0,MONITORING
30.1,-10.393,-9.184,0.06,0.0171,MONITORING
30.2,-10.396,-9.178,0.062,0.0171,MONITORING
30.3,-10.398,-9.172,0.062,0.0171,MONITORING
30.4,-10.4,-9.166,0.063,0.0154,MONITORING
30.5,-10.403,-9.161,0.065,0.0154,MONITORING
30.6,-10.406,-9.154,0.084,0.0,MONITORING
30.7,-10.411,-9.146,0.098,0.0,MONITORING
30.8,-10.416,-9.137,0.102,0.0,MONITORING
30.9,-10.421,-9.128,0.103,0.0,MONITORING
31.0,-10.426,-9.119,0.104,0.0,MONITORING
31.1,-10.431,-9.11,0.105,0.0,MONITORING
31.2,-10.437,-9.1,0.111,0.0579,MONITORING
31.3,-10.442,-9.091,0.112,0.0579,MONITORING
31.4,-10.448,-9.081,0.117,0.0579,MONITORING
31.5,-10.454,-9.071,0.107,0.0589,MONITORING
31.6,-10.458,-9.063,0.082,0.0561,MONITORING
31.7,-10.461,-9.056,0.07,0.0561,MONITORING
31.8,-10.463,-9.05,0.067,0.0561,MONITORING
31.9,-10.465,-9.043,0.068,0.0,MONITORING
32.0,-10.468,-9.037,0.068,0.0,MONITORING
32.1,-10.47,-9.03,0.069,0.0,MONITORING
32.2,-10.473,-9.024,0.072,0.0,MONITORING
32.3,-10.475,-9.017,0.073,0.0,MONITORING
32.4,-10.478,-9.01,0.075,0.0,MONITORING
32.5,-10.481,-9.003,0.077,0.0,MONITORING
32.6,-10.484,-8.996,0.08,0.0,MONITORING
32.7,-10.486,-8.989,0.076,0.0,MONITORING
32.8,-10.489,-8.981,0.077,0.0,MONITORING
32.9,-10.492,-8.974,0.078,0.0,MONITORING
33.0,-10.495,-8.967,0.08,0.0,MONITORING
33.1,-10.498,-8.959,0.081,0.0,MONITORING
33.2,-10.501,-8.952,0.083,0.0,MONITORING
33.3,-10.505,-8.944,0.082,0.0,MONITORING
33.4,-10.508,-8.936,0.084,0.0,MONITORING
33.5,-10.511,-8.929,0.085,0.0,MONITORING
33.6,-10.514,-8.921,0.087,0.0,MONITORING
33.7,-10.518,-8.912,0.09,0.0,MONITORING
33.8,-10.522,-8.903,0.106,0.0,MONITORING
33.9,-10.526,-8.893,0.106,0.0,MONITORING
34.0,-10.53,-8.884,0.106,0.0,MONITORING
34.1,-10.535,-8.874,0.106,0.0,MONITORING
34.2,-10.539,-8.864,0.106,0.0001,MONITORING
34.3,-10.543,-8.855,0.104,0.0001,MONITORING
34.4,-10.547,-8.845,0.103,0.0,MONITORING
34.5,-10.55,-8.835,0.106,0.0,MONITORING
34.6,-10.553,-8.825,0.109,0.0,MONITORING
34.7,-10.555,-8.814,0.108,0.0,MONITORING
34.8,-10.558,-8.803,0.109,0.0,MONITORING
34.9,-10.56,-8.793,0.11,0.0,MONITORING
35.0,-10.562,-8.782,0.112,0.0,MONITORING
35.1,-10.563,-8.77,0.116,0.0,MONITORING
35.2,-10.564,-8.759,0.122,0.0,MONITORING
35.3,-10.565,-8.746,0.129,0.0,MONITORING
35.4,-10.566,-8.733,0.137,0.0,MONITORING
35.5,-10.566,-8.718,0.145,0.0,MONITORING
35.6,-10.565,-8.704,0.152,0.0,MONITORING
35.7,-10.564,-8.688,0.159,0.0,MONITORING
35.8,-10.563,-8.672,0.161,0.0,MONITORING
35.9,-10.562,-8.655,0.171,0.0,MONITORING
36.0,-10.56,-8.638,0.175,0.0,MONITORING
36.1,-10.559,-8.621,0.173,0.0,MONITORING
36.2,-10.557,-8.604,0.171,0.0,MONITORING
36.3,-10.556,-8.587,0.172,0.0,MONITORING
36.4,-10.555,-8.569,0.185,0.0,MONITORING
36.5,-10.554,-8.55,0.187,0.0,MONITORING
36.6,-10.552,-8.531,0.185,0.0,MONITORING
36.7,-10.551,-8.513,0.183,0.0,MONITORING
36.8,-10.551,-8.494,0.199,0.0,MONITORING
36.9,-10.55,-8.473,0.217,0.0,MONITORING
37.0,-10.549,-8.451,0.214,0.0,MONITORING
37.1,-10.55,-8.43,0.202,0.0,MONITORING
37.2,-10.552,-8.41,0.203,0.0,MONITORING
37.3,-10.555,-8.388,0.254,0.0,MONITORING
37.4,-10.559,-8.362,0.262,0.0,MONITORING
37.5,-10.563,-8.335,0.267,0.0,MONITORING
37.6,-10.567,-8.308,0.277,0.0,MONITORING
37.7,-10.57,-8.28,0.284,0.0,MONITORING
37.8,-10.574,-8.252,0.291,0.0,MONITORING
37.9,-10.575,-8.222,0.307,0.0,MONITORING
38.0,-10.575,-8.188,0.336,0.0,MONITORING
38.1,-10.578,-8.155,0.327,0.0,MONITORING
38.2,-10.581,-8.126,0.273,0.0,MONITORING
38.3,-10.584,-8.102,0.227,0.0,MONITORING
38.4,-10.587,-8.078,0.242,0.0,MONITORING
38.5,-10.591,-8.052,0.274,0.0,MONITORING
38.6,-10.595,-8.022,0.345,0.0,MONITORING
38.7,-10.602,-7.981,0.449,0.0,MONITORING
38.8,-10.61,-7.933,0.522,0.0,MONITORING
38.9,-10.622,-7.877,0.597,0.0,MONITORING
39.0,-10.637,-7.818,0.628,0.0,MONITORING
39.1,-10.652,-7.756,0.652,0.0,MONITORING
39.2,-10.667,-7.696,0.557,0.0,MONITORING
39.3,-10.68,-7.651,0.41,0.0,MONITORING
39.4,-10.69,-7.614,0.358,0.0,MONITORING
39.5,-10.696,-7.577,0.384,0.0,MONITORING
39.6,-10.699,-7.541,0.359,0.0,MONITORING
39.7,-10.7,-7.507,0.341,0.0,MONITORING
39.8,-10.701,-7.475,0.31,0.0,MONITORING
39.9,-10.706,-7.443,0.348,0.0,MONITORING
40.0,-10.713,-7.406,0.392,0.0,MONITORING
40.1,-10.72,-7.367,0.407,0.0,MONITORING
40.2,-10.727,-7.328,0.357,0.0,MONITORING
40.3,-10.732,-7.296,0.309,0.0,MONITORING
40.4,-10.737,-7.27,0.252,0.0,MONITORING
40.5,-10.741,-7.248,0.208,0.0,MONITORING
40.6,-10.744,-7.228,0.189,0.0,MONITORING
40.7,-10.746,-7.207,0.24,0.0,MONITORING
40.8,-10.748,-7.182,0.242,0.0,MONITORING
40.9,-10.75,-7.159,0.225,0.0,MONITORING
41.0,-10.752,-7.138,0.206,0.0,MONITORING
41.1,-10.753,-7.118,0.196,0.0,MONITORING
41.2,-10.755,-7.091,0.338,0.0,MONITORING
41.3,-10.757,-7.054,0.38,0.0,MONITORING
41.4,-10.758,-7.019,0.329,0.0,MONITORING
41.5,-10.759,-6.99,0.262,0.0,MONITORING
41.6,-10.76,-6.962,0.298,0.0,MONITORING
41.7,-10.761,-6.934,0.271,0.0,MONITORING
41.8,-10.761,-6.908,0.245,0.0,MONITORING
41.9,-10.761,-6.886,0.219,0.0,MONITORING
42.0,-10.761,-6.861,0.264,0.0,MONITORING
42.1,-10.761,-6.835,0.253,0.0,MONITORING
42.2,-10.761,-6.812,0.216,0.0,MONITORING
42.3,-10.76,-6.791,0.2,0.0,MONITORING
42.4,-10.76,-6.772,0.187,0.0,MONITORING
42.5,-10.76,-6.751,0.225,0.0,MONITORING
42.6,-10.76,-6.729,0.214,0.0,MONITORING
42.7,-10.759,-6.708,0.198,0.0,MONITORING
42.8,-10.758,-6.69,0.184,0.0,MONITORING
42.9,-10.757,-6.67,0.199,0.0,MONITORING
43.0,-10.757,-6.651,0.189,0.0,MONITORING
43.1,-10.756,-6.632,0.177,0.0,MONITORING
43.2,-10.755,-6.616,0.164,0.0,MONITORING
43.3,-10.753,-6.594,0.249,0.0,MONITORING
43.4,-10.752,-6.57,0.238,0.0,MONITORING
43.5,-10.75,-6.547,0.218,0.0,MONITORING
43.6,-10.749,-6.527,0.196,0.0,MONITORING
43.7,-10.748,-6.509,0.169,0.0,MONITORING
43.8,-10.746,-6.493,0.158,0.0,MONITORING
43.9,-10.745,-6.478,0.153,0.0,MONITORING
44.0,-10.744,-6.463,0.145,0.0,MONITORING
44.1,-10.743,-6.449,0.138,0.0,MONITORING
44.2,-10.742,-6.436,0.132,0.0,MONITORING
44.3,-10.741,-6.423,0.13,0.0,MONITORING
44.4,-10.739,-6.411,0.126,0.0,MONITORING
44.5,-10.738,-6.396,0.147,0.0,MONITORING
44.6,-10.737,-6.382,0.147,0.0136,MONITORING
44.7,-10.735,-6.368,0.143,0.0136,MONITORING
44.8,-10.734,-6.354,0.137,0.0145,MONITORING
44.9,-10.732,-6.34,0.134,0.0,MONITORING
45.0,-10.731,-6.327,0.13,0.0,MONITORING
45.1,-10.73,-6.315,0.126,0.0,MONITORING
45.2,-10.728,-6.302,0.123,0.0,MONITORING
45.3,-10.726,-6.288,0.148,0.0,MONITORING
45.4,-10.725,-6.274,0.145,0.0,MONITORING
45.5,-10.723,-6.26,0.139,0.0,MONITORING
45.6,-10.721,-6.247,0.135,0.0,MONITORING
45.7,-10.72,-6.233,0.132,0.0,MONITORING
45.8,-10.718,-6.22,0.135,0.0,MONITORING
45.9,-10.716,-6.207,0.131,0.0,MONITORING
46.0,-10.714,-6.194,0.129,0.0,MONITORING
46.1,-10.711,-6.182,0.123,0.0,MONITORING
46.2,-10.708,-6.168,0.148,0.0,MONITORING
46.3,-10.704,-6.154,0.143,0.0,MONITORING
46.4,-10.701,-6.141,0.14,0.0,MONITORING
46.5,-10.697,-6.128,0.136,0.0,MONITORING
46.6,-10.693,-6.111,0.183,0.0,MONITORING
46.7,-10.688,-6.094,0.176,0.0,MONITORING
46.8,-10.684,-6.078,0.168,0.0,MONITORING
46.9,-10.679,-6.062,0.162,0.0,MONITORING
47.0,-10.675,-6.047,0.157,0.0,MONITORING
47.1,-10.671,-6.033,0.145,0.2439,MONITORING
47.2,-10.668,-6.019,0.141,0.2439,MONITORING
47.3,-10.665,-6.005,0.135,0.2439,MONITORING
47.4,-10.663,-5.993,0.13,0.2453,MONITORING
47.5,-10.66,-5.979,0.142,0.2453,MONITORING
47.6,-10.657,-5.965,0.139,0.2455,MONITORING
47.7,-10.654,-5.952,0.135,0.2459,MONITORING
47.8,-10.651,-5.939,0.129,0.2459,MONITORING
47.9,-10.648,-5.926,0.143,0.2459,MONITORING
48.0,-10.645,-5.912,0.138,0.2459,MONITORING
48.1,-10.642,-5.899,0.135,0.248,MONITORING
48.2,-10.639,-5.886,0.131,0.2493,MONITORING
48.3,-10.637,-5.873,0.129,0.2493,MONITORING
48.4,-10.634,-5.861,0.126,0.2493,MONITORING
48.5,-10.632,-5.849,0.122,0.2493,MONITORING
48.6,-10.629,-5.837,0.119,0.248,MONITORING
48.7,-10.626,-5.826,0.116,0.2481,MONITORING
48.8,-10.624,-5.814,0.13,0.2481,MONITORING
48.9,-10.621,-5.801,0.126,0.2444,MONITORING
49.0,-10.618,-5.789,0.122,0.2444,MONITORING
49.1,-10.616,-5.777,0.119,0.245,MONITORING
49.2,-10.613,-5.765,0.128,0.2475,MONITORING
49.3,-10.61,-5.753,0.125,0.2475,MONITORING
49.4,-10.607,-5.741,0.121,0.2498,MONITORING
49.5,-10.604,-5.729,0.118,0.2498,MONITORING
49.6,-10.601,-5.716,0.15,0.2514,MONITORING
49.7,-10.597,-5.702,0.144,0.2514,MONITORING
49.8,-10.594,-5.688,0.14,0.2527,MONITORING
49.9,-10.591,-5.675,0.135,0.2544,MONITORING
50.0,-10.587,-5.663,0.119,0.2535,MONITORING
50.1,-10.585,-5.652,0.115,0.2535,MONITORING
50.2,-10.582,-5.641,0.113,0.2542,MONITORING
50.3,-10.579,-5.63,0.11,0.2542,MONITORING
50.4,-10.576,-5.617,0.136,0.2553,MONITORING
50.5,-10.572,-5.604,0.133,0.2553,MONITORING
50.6,-10.569,-5.592,0.128,0.2551,MONITORING
50.7,-10.566,-5.58,0.125,0.2558,MONITORING
50.8,-10.562,-5.567,0.138,0.2565,MONITORING
50.9,-10.559,-5.554,0.136,0.2563,MONITORING
51.0,-10.555,-5.541,0.131,0.2563,MONITORING
51.1,-10.552,-5.528,0.128,0.2559,MONITORING
51.2,-10.548,-5.516,0.125,0.2559,MONITORING
51.3,-10.544,-5.502,0.158,0.2559,MONITORING
51.4,-10.54,-5.487,0.153,0.2559,MONITORING
51.5,-10.536,-5.473,0.147,0.2582,MONITORING
51.6,-10.532,-5.459,0.142,0.257,MONITORING
51.7,-10.528,-5.448,0.109,0.2576,MONITORING
51.8,-10.525,-5.438,0.106,0.2579,MONITORING
51.9,-10.522,-5.428,0.105,0.2583,MONITORING
52.0,-10.519,-5.418,0.103,0.2583,MONITORING
52.1,-10.516,-5.406,0.135,0.256,MONITORING
52.2,-10.512,-5.393,0.132,0.2561,MONITORING
52.3,-10.508,-5.381,0.128,0.2561,MONITORING
52.4,-10.504,-5.369,0.125,0.2561,MONITORING
52.5,-10.501,-5.357,0.122,0.2568,MONITORING
52.6,-10.497,-5.346,0.117,0.2568,MONITORING
52.7,-10.494,-5.335,0.115,0.26,MONITORING
52.8,-10.49,-5.324,0.113,0.26,MONITORING
52.9,-10.487,-5.313,0.111,0.2608,MONITORING
53.0,-10.483,-5.302,0.127,0.2608,MONITORING
53.1,-10.479,-5.29,0.124,0.2608,MONITORING
53.2,-10.475,-5.279,0.121,0.2613,MONITORING
53.3,-10.471,-5.267,0.117,0.2584,MONITORING
53.4,-10.468,-5.258,0.089,0.2488,MONITORING
53.5,-10.464,-5.251,0.078,0.2488,MONITORING
53.6,-10.46,-5.243,0.084,0.2488,MONITORING
53.7,-10.457,-5.235,0.084,0.2609,MONITORING
53.8,-10.454,-5.228,0.083,0.2609,MONITORING
53.9,-10.449,-5.219,0.109,0.2609,MONITORING
54.0,-10.444,-5.208,0.117,0.2609,MONITORING
54.1,-10.44,-5.198,0.116,0.2609,MONITORING
54.2,-10.435,-5.187,0.113,0.2616,MONITORING
54.3,-10.432,-5.177,0.106,0.2625,MONITORING
54.4,-10.429,-5.167,0.104,0.2625,MONITORING
54.5,-10.426,-5.158,0.073,0.2621,MONITORING
54.6,-10.425,-5.151,0.065,0.2637,MONITORING
54.7,-10.423,-5.145,0.065,0.2637,MONITORING
54.8,-10.421,-5.139,0.065,0.2637,MONITORING
54.9,-10.419,-5.133,0.065,0.2637,MONITORING
55.0,-10.417,-5.127,0.064,0.2637,MONITORING
55.1,-10.416,-5.12,0.064,0.2639,MONITORING
55.2,-10.413,-5.114,0.071,0.2649,MONITORING
55.3,-10.411,-5.107,0.072,0.2649,MONITORING
55.4,-10.409,-5.1,0.072,0.2649,MONITORING
55.5,-10.406,-5.094,0.072,0.2646,MONITORING
55.6,-10.404,-5.087,0.072,0.2646,MONITORING
55.7,-10.403,-5.08,0.073,0.2639,MONITORING
55.8,-10.401,-5.073,0.074,0.2639,MONITORING
55.9,-10.399,-5.065,0.075,0.2639,MONITORING
56.0,-10.398,-5.058,0.075,0.2569,MONITORING
56.1,-10.396,-5.05,0.076,0.2569,MONITORING
56.2,-10.395,-5.043,0.075,0.2569,MONITORING
56.3,-10.394,-5.036,0.075,0.2569,MONITORING
56.4,-10.392,-5.028,0.074,0.2456,MONITORING
56.5,-10.391,-5.021,0.073,0.2456,MONITORING
56.6,-10.389,-5.014,0.081,0.2663,MONITORING
56.7,-10.387,-5.006,0.082,0.2398,MONITORING
56.8,-10.386,-4.997,0.084,0.2398,MONITORING
56.9,-10.384,-4.989,0.084,0.2398,MONITORING
57.0,-10.382,-4.981,0.088,0.2666,MONITORING
57.1,-10.381,-4.972,0.087,0.2666,MONITORING
57.2,-10.379,-4.964,0.085,0.2666,MONITORING
57.3,-10.378,-4.956,0.083,0.2666,MONITORING
57.4,-10.376,-4.947,0.082,0.2666,MONITORING
57.5,-10.375,-4.94,0.08,0.2684,MONITORING
57.6,-10.373,-4.932,0.079,0.2684,MONITORING
57.7,-10.372,-4.924,0.074,0.2684,MONITORING
57.8,-10.371,-4.917,0.07,0.2682,MONITORING
57.9,-10.37,-4.911,0.069,0.2655,MONITORING
58.0,-10.368,-4.903,0.08,0.2152,MONITORING
58.1,-10.366,-4.895,0.082,0.2642,MONITORING
58.2,-10.365,-4.887,0.078,0.2642,MONITORING
58.3,-10.363,-4.88,0.079,0.2642,MONITORING
58.4,-10.362,-4.872,0.077,0.2691,MONITORING
58.5,-10.36,-4.864,0.082,0.27,MONITORING
58.6,-10.358,-4.856,0.082,0.27,MONITORING
58.7,-10.357,-4.848,0.08,0.2712,MONITORING
58.8,-10.355,-4.84,0.079,0.2712,MONITORING
58.9,-10.354,-4.833,0.077,0.2728,MONITORING
59.0,-10.352,-4.825,0.086,0.2728,MONITORING
59.1,-10.35,-4.816,0.089,0.273,MONITORING
59.2,-10.348,-4.808,0.086,0.273,MONITORING
59.3,-10.346,-4.8,0.084,0.273,MONITORING
59.4,-10.344,-4.791,0.087,0.273,MONITORING
59.5,-10.341,-4.782,0.102,0.273,MONITORING
59.6,-10.338,-4.773,0.101,0.2714,MONITORING
59.7,-10.334,-4.763,0.099,0.2734,MONITORING
59.8,-10.33,-4.754,0.096,0.2736,MONITORING
59.9,-10.327,-4.746,0.095,0.2725,MONITORING
60.0,-10.323,-4.737,0.094,0.2732,MONITORING
60.1,-10.32,-4.728,0.093,0.2732,MONITORING
60.2,-10.316,-4.72,0.091,0.2732,MONITORING
60.3,-10.313,-4.711,0.09,0.2732,MONITORING
60.4,-10.309,-4.703,0.088,0.2756,MONITORING
60.5,-10.305,-4.694,0.103,0.2756,MONITORING
60.6,-10.302,-4.685,0.104,0.2756,MONITORING
60.7,-10.298,-4.675,0.102,0.2756,MONITORING
60.8,-10.294,-4.666,0.1,0.2754,MONITORING
60.9,-10.29,-4.657,0.098,0.2778,MONITORING
61.0,-10.286,-4.647,0.102,0.2788,MONITORING
61.1,-10.282,-4.638,0.1,0.2788,MONITORING
61.2,-10.278,-4.629,0.099,0.2788,MONITORING
61.3,-10.274,-4.62,0.098,0.2788,MONITORING
61.4,-10.271,-4.611,0.096,0.2805,MONITORING
61.5,-10.267,-4.602,0.095,0.2807,MONITORING
61.6,-10.263,-4.593,0.111,0.2807,MONITORING
61.7,-10.258,-4.582,0.113,0.2803,MONITORING
61.8,-10.254,-4.572,0.113,0.2784,MONITORING
61.9,-10.249,-4.562,0.113,0.2784,MONITORING
62.0,-10.244,-4.552,0.111,0.2802,MONITORING
62.1,-10.239,-4.542,0.109,0.2802,MONITORING
62.2,-10.234,-4.533,0.108,0.2802,MONITORING
62.3,-10.229,-4.523,0.107,0.2814,MONITORING
62.4,-10.224,-4.514,0.105,0.2807,MONITORING
62.5,-10.219,-4.504,0.103,0.2807,MONITORING
62.6,-10.215,-4.495,0.109,0.282,MONITORING
62.7,-10.21,-4.485,0.108,0.282,MONITORING
62.8,-10.205,-4.476,0.107,0.282,MONITORING
62.9,-10.2,-4.466,0.105,0.282,MONITORING
63.0,-10.195,-4.457,0.103,0.2831,MONITORING
63.1,-10.19,-4.448,0.101,0.2827,MONITORING
63.2,-10.186,-4.439,0.099,0.2834,MONITORING
63.3,-10.181,-4.431,0.098,0.2834,MONITORING
63.4,-10.177,-4.422,0.096,0.2852,MONITORING
63.5,-10.172,-4.414,0.095,0.2852,MONITORING
63.6,-10.167,-4.404,0.114,0.2849,MONITORING
63.7,-10.162,-4.394,0.117,0.2851,MONITORING
63.8,-10.156,-4.384,0.117,0.2851,MONITORING
63.9,-10.151,-4.373,0.116,0.286,MONITORING
64.0,-10.145,-4.363,0.114,0.2863,MONITORING
64.1,-10.14,-4.353,0.112,0.2865,MONITORING
64.2,-10.135,-4.344,0.097,0.2859,MONITORING
64.3,-10.131,-4.336,0.095,0.2862,MONITORING
64.4,-10.126,-4.328,0.093,0.2848,MONITORING
64.5,-10.122,-4.32,0.092,0.2861,MONITORING
64.6,-10.117,-4.312,0.091,0.2862,MONITORING
64.7,-10.112,-4.303,0.107,0.2862,MONITORING
64.8,-10.107,-4.294,0.106,0.2862,MONITORING
64.9,-10.102,-4.285,0.103,0.2848,MONITORING
65.0,-10.097,-4.276,0.101,0.288,MONITORING
65.1,-10.093,-4.267,0.098,0.2858,MONITORING
65.2,-10.088,-4.259,0.094,0.2864,MONITORING
65.3,-10.084,-4.251,0.081,0.2822,MONITORING
65.4,-10.081,-4.244,0.078,0.2822,MONITORING
65.5,-10.076,-4.236,0.09,0.2822,MONITORING
65.6,-10.071,-4.229,0.091,0.2822,MONITORING
65.7,-10.066,-4.221,0.092,0.2822,MONITORING
65.8,-10.06,-4.213,0.109,0.2822,MONITORING
65.9,-10.054,-4.203,0.109,0.2822,MONITORING
66.0,-10.048,-4.194,0.109,0.2929,MONITORING
66.1,-10.042,-4.185,0.109,0.292,MONITORING
66.2,-10.037,-4.176,0.108,0.2933,MONITORING
66.3,-10.031,-4.168,0.1,0.2951,MONITORING
66.4,-10.025,-4.16,0.096,0.2951,MONITORING
66.5,-10.02,-4.152,0.094,0.295,MONITORING
66.6,-10.015,-4.144,0.096,0.295,MONITORING
66.7,-10.009,-4.136,0.099,0.295,MONITORING
66.8,-10.003,-4.127,0.115,0.295,MONITORING
66.9,-9.996,-4.117,0.12,0.2971,MONITORING
67.0,-9.989,-4.107,0.122,0.2967,MONITORING
67.1,-9.982,-4.098,0.122,0.2981,MONITORING
67.2,-9.974,-4.089,0.107,0.2995,MONITORING
67.3,-9.967,-4.082,0.094,0.2987,MONITORING
67.4,-9.96,-4.077,0.082,0.2987,MONITORING
67.5,-9.955,-4.072,0.07,0.036,MONITORING
67.6,-9.95,-4.067,0.068,0.036,MONITORING
67.7,-9.944,-4.063,0.069,0.036,MONITORING
67.8,-9.939,-4.058,0.069,0.0,MONITORING
67.9,-9.934,-4.054,0.069,0.0,MONITORING
68.0,-9.929,-4.05,0.06,0.0,MONITORING
68.1,-9.925,-4.046,0.06,0.0,MONITORING
68.2,-9.92,-4.042,0.069,0.1859,MONITORING
68.3,-9.915,-4.037,0.071,0.1859,MONITORING
68.4,-9.91,-4.033,0.055,0.1859,MONITORING
68.5,-9.904,-4.029,0.073,0.1859,MONITORING
68.6,-9.898,-4.025,0.073,0.0462,MONITORING
68.7,-9.892,-4.021,0.073,0.0,MONITORING
68.8,-9.886,-4.017,0.073,0.0333,MONITORING
68.9,-9.88,-4.013,0.073,0.0333,MONITORING
69.0,-9.874,-4.009,0.073,0.0333,MONITORING
69.1,-9.868,-4.005,0.074,0.0973,MONITORING
69.2,-9.862,-4.001,0.074,0.0515,MONITORING
69.3,-9.855,-3.997,0.074,0.0368,MONITORING
69.4,-9.849,-3.993,0.074,0.0,MONITORING
69.5,-9.843,-3.989,0.074,0.0,MONITORING
69.6,-9.837,-3.985,0.073,0.0412,MONITORING
69.7,-9.83,-3.982,0.072,0.0412,MONITORING
69.8,-9.824,-3.978,0.073,0.0,MONITORING
69.9,-9.818,-3.974,0.072,0.0,MONITORING
70.0,-9.812,-3.971,0.072,0.0,MONITORING
70.1,-9.805,-3.967,0.071,0.1175,MONITORING
70.2,-9.8,-3.964,0.062,0.055,MONITORING
70.3,-9.795,-3.961,0.062,0.0644,MONITORING
70.4,-9.789,-3.958,0.062,0.0,MONITORING
70.5,-9.784,-3.955,0.062,0.0,MONITORING
70.6,-9.778,-3.952,0.062,0.03,MONITORING
70.7,-9.773,-3.949,0.057,0.0535,MONITORING
70.8,-9.768,-3.946,0.057,0.0535,MONITORING
70.9,-9.763,-3.944,0.056,0.0,MONITORING
71.0,-9.758,-3.941,0.056,0.0331,MONITORING
71.1,-9.753,-3.938,0.056,0.0,MONITORING
71.2,-9.748,-3.936,0.056,0.0325,MONITORING
71.3,-9.742,-3.932,0.079,0.0325,MONITORING
71.4,-9.735,-3.929,0.078,0.0325,MONITORING
71.5,-9.728,-3.925,0.078,0.0325,MONITORING
71.6,-9.721,-3.922,0.077,0.0325,MONITORING
71.7,-9.714,-3.919,0.076,0.0515,MONITORING
71.8,-9.707,-3.915,0.076,0.0515,MONITORING
71.9,-9.701,-3.912,0.075,0.0509,MONITORING
72.0,-9.694,-3.909,0.075,0.0,MONITORING
72.1,-9.687,-3.906,0.074,0.0,MONITORING
72.2,-9.68,-3.903,0.074,0.0,MONITORING
72.3,-9.674,-3.9,0.073,0.0,MONITORING
72.4,-9.666,-3.894,0.12,0.0455,MONITORING
72.5,-9.657,-3.886,0.12,0.0,MONITORING
72.6,-9.648,-3.878,0.117,0.0,MONITORING
72.7,-9.64,-3.87,0.114,0.0441,MONITORING
72.8,-9.632,-3.862,0.114,0.0475,MONITORING
72.9,-9.623,-3.855,0.114,0.0736,MONITORING
73.0,-9.615,-3.847,0.111,0.0422,MONITORING
73.1,-9.607,-3.84,0.108,0.0791,MONITORING
73.2,-9.599,-3.832,0.106,0.0791,MONITORING
73.3,-9.592,-3.825,0.104,0.0791,MONITORING
73.4,-9.582,-3.816,0.148,0.0316,MONITORING
73.5,-9.571,-3.806,0.145,0.0316,MONITORING
73.6,-9.561,-3.797,0.139,0.0477,MONITORING
73.7,-9.551,-3.788,0.132,0.0477,MONITORING
73.8,-9.541,-3.78,0.127,0.0462,MONITORING
73.9,-9.532,-3.771,0.123,0.0462,MONITORING
74.0,-9.523,-3.763,0.12,0.0408,MONITORING
74.1,-9.514,-3.756,0.118,0.0279,MONITORING
74.2,-9.505,-3.748,0.114,0.0006,MONITORING
74.3,-9.496,-3.742,0.111,0.1131,MONITORING
74.4,-9.487,-3.735,0.108,0.0002,MONITORING
74.5,-9.476,-3.726,0.169,0.0,MONITORING
74.6,-9.462,-3.716,0.17,0.0,MONITORING
74.7,-9.449,-3.706,0.161,0.0,MONITORING
74.8,-9.437,-3.696,0.161,0.0,MONITORING
74.9,-9.423,-3.686,0.171,0.0867,MONITORING
75.0,-9.41,-3.676,0.163,0.1259,MONITORING
75.1,-9.397,-3.667,0.155,0.1259,MONITORING
75.2,-9.385,-3.658,0.15,0.1084,MONITORING
75.3,-9.373,-3.649,0.146,0.1084,MONITORING
75.4,-9.362,-3.641,0.141,0.0,MONITORING
75.5,-9.35,-3.633,0.137,0.1074,MONITORING
75.6,-9.339,-3.625,0.133,0.1074,MONITORING
75.7,-9.326,-3.615,0.196,0.1074,MONITORING
75.8,-9.31,-3.604,0.2,0.1563,MONITORING
75.9,-9.294,-3.593,0.188,0.0,MONITORING
76.0,-9.279,-3.583,0.178,0.0,MONITORING
76.1,-9.264,-3.574,0.169,0.0,MONITORING
76.2,-9.25,-3.565,0.165,0.0,MONITORING
76.3,-9.237,-3.556,0.164,0.0292,MONITORING
76.4,-9.223,-3.547,0.158,0.0292,MONITORING
76.5,-9.21,-3.539,0.152,0.0292,MONITORING
76.6,-9.198,-3.531,0.145,0.0292,MONITORING
76.7,-9.186,-3.524,0.138,0.0821,MONITORING
76.8,-9.17,-3.513,0.229,0.0821,MONITORING
76.9,-9.152,-3.501,0.214,0.0522,MONITORING
77.0,-9.134,-3.491,0.199,0.1115,MONITORING
77.1,-9.118,-3.481,0.188,0.0376,MONITORING
77.2,-9.102,-3.472,0.178,0.0376,MONITORING
77.3,-9.087,-3.464,0.169,0.0376,MONITORING
77.4,-9.073,-3.456,0.16,0.0465,MONITORING
77.5,-9.06,-3.448,0.155,0.0,MONITORING
77.6,-9.046,-3.441,0.152,0.0022,MONITORING
77.7,-9.033,-3.434,0.148,0.0,MONITORING
77.8,-9.02,-3.427,0.145,0.0,MONITORING
77.9,-9.003,-3.418,0.256,0.0413,MONITORING
78.0,-8.98,-3.406,0.249,0.0413,MONITORING
78.1,-8.96,-3.396,0.224,0.0033,MONITORING
78.2,-8.941,-3.386,0.209,0.1688,MONITORING
78.3,-8.922,-3.378,0.2,0.0603,MONITORING
78.4,-8.905,-3.37,0.192,0.0,MONITORING
78.5,-8.888,-3.362,0.183,0.0403,MONITORING
78.6,-8.872,-3.355,0.176,0.0403,MONITORING
78.7,-8.856,-3.348,0.17,0.0299,MONITORING
78.8,-8.841,-3.341,0.165,0.0,MONITORING
78.9,-8.826,-3.335,0.161,0.0011,MONITORING
79.0,-8.807,-3.326,0.234,0.0,MONITORING
79.1,-8.781,-3.315,0.331,0.0,MONITORING
79.2,-8.752,-3.303,0.303,0.0,MONITORING
79.3,-8.727,-3.293,0.254,0.0,MONITORING
79.4,-8.706,-3.283,0.219,0.0,MONITORING
79.5,-8.686,-3.276,0.211,0.0,MONITORING
79.6,-8.667,-3.268,0.201,0.0,MONITORING
79.7,-8.649,-3.262,0.192,0.0,MONITORING
79.8,-8.631,-3.256,0.185,0.0,MONITORING
79.9,-8.614,-3.25,0.179,0.0,MONITORING
80.0,-8.597,-3.245,0.176,0.0,MONITORING
80.1,-8.581,-3.239,0.171,0.0,MONITORING
80.2,-8.564,-3.234,0.167,0.0,MONITORING
80.3,-8.549,-3.229,0.163,0.0,MONITORING
80.4,-8.534,-3.224,0.161,0.0,MONITORING
80.5,-8.519,-3.219,0.159,0.0,MONITORING
80.6,-8.504,-3.213,0.161,0.0,MONITORING
80.7,-8.485,-3.207,0.22,0.0,MONITORING
80.8,-8.458,-3.197,0.341,0.0,MONITORING
80.9,-8.428,-3.187,0.303,0.0,MONITORING
81.0,-8.401,-3.178,0.273,0.0,MONITORING
81.1,-8.376,-3.171,0.251,0.0,MONITORING
81.2,-8.353,-3.163,0.247,0.0,MONITORING
81.3,-8.33,-3.156,0.237,0.0,MONITORING
81.4,-8.307,-3.148,0.23,0.0,MONITORING
81.5,-8.286,-3.142,0.217,0.0,MONITORING
81.6,-8.266,-3.135,0.207,0.0,MONITORING
81.7,-8.247,-3.129,0.198,0.0,MONITORING
81.8,-8.222,-3.122,0.324,0.0,MONITORING
81.9,-8.185,-3.111,0.453,0.0,MONITORING
82.0,-8.136,-3.098,0.525,0.0,MONITORING
82.1,-8.087,-3.087,0.481,0.0,MONITORING
82.2,-8.043,-3.078,0.427,0.0,MONITORING
82.3,-8.004,-3.071,0.374,0.0,MONITORING
82.4,-7.97,-3.064,0.337,0.0,MONITORING
82.5,-7.937,-3.058,0.321,0.0,MONITORING
82.6,-7.907,-3.052,0.304,0.0,MONITORING
82.7,-7.877,-3.048,0.294,0.0,MONITORING
82.8,-7.849,-3.044,0.285,0.0,MONITORING
82.9,-7.82,-3.04,0.288,0.0,MONITORING
83.0,-7.792,-3.036,0.28,0.0,MONITORING
83.1,-7.765,-3.033,0.273,0.0,MONITORING
83.2,-7.739,-3.029,0.26,0.0,MONITORING
83.3,-7.713,-3.026,0.254,0.0,MONITORING
83.4,-7.685,-3.022,0.303,0.0,MONITORING
83.5,-7.649,-3.017,0.429,0.0,MONITORING
83.6,-7.601,-3.012,0.513,0.0,MONITORING
83.7,-7.549,-3.007,0.526,0.0,MONITORING
83.8,-7.496,-3.003,0.536,0.0,MONITORING
83.9,-7.445,-2.998,0.503,0.0,MONITORING
84.0,-7.399,-2.992,0.455,0.0,MONITORING
84.1,-7.356,-2.986,0.425,0.0,MONITORING
84.2,-7.32,-2.981,0.323,0.0,MONITORING
84.3,-7.295,-2.979,0.215,0.0,MONITORING
84.4,-7.276,-2.976,0.18,0.0,MONITORING
84.5,-7.258,-2.975,0.189,0.0,MONITORING
84.6,-7.24,-2.975,0.177,0.0,MONITORING
84.7,-7.222,-2.975,0.17,0.0,MONITORING
84.8,-7.206,-2.975,0.166,0.0,MONITORING
84.9,-7.189,-2.975,0.161,0.0,MONITORING
85.0,-7.174,-2.975,0.158,0.0,MONITORING
85.1,-7.158,-2.975,0.159,0.0,MONITORING
85.2,-7.142,-2.975,0.153,0.0,MONITORING
85.3,-7.127,-2.976,0.152,0.0,MONITORING
85.4,-7.112,-2.976,0.151,0.0,MONITORING
85.5,-7.097,-2.976,0.151,0.0,MONITORING
85.6,-7.082,-2.977,0.147,0.0,MONITORING
85.7,-7.067,-2.977,0.147,0.0,MONITORING
85.8,-7.052,-2.977,0.153,0.0,MONITORING
85.9,-7.036,-2.976,0.159,0.0,MONITORING
86.0,-7.02,-2.975,0.159,0.0,MONITORING
86.1,-7.004,-2.975,0.164,0.0,MONITORING
86.2,-6.988,-2.974,0.163,0.0,MONITORING
86.3,-6.972,-2.973,0.162,0.0,MONITORING
86.4,-6.957,-2.974,0.137,0.0,MONITORING
86.5,-6.943,-2.974,0.135,0.0,MONITORING
86.6,-6.93,-2.976,0.135,0.0,MONITORING
86.7,-6.916,-2.977,0.141,0.0,MONITORING
86.8,-6.901,-2.978,0.146,0.0,MONITORING
86.9,-6.887,-2.98,0.148,0.0,MONITORING
87.0,-6.872,-2.982,0.149,0.0,MONITORING
87.1,-6.857,-2.984,0.152,0.0,MONITORING
87.2,-6.842,-2.986,0.154,0.0,MONITORING
87.3,-6.827,-2.989,0.156,0.0,MONITORING
87.4,-6.811,-2.992,0.162,0.0,MONITORING
87.5,-6.795,-2.994,0.157,0.0,MONITORING
87.6,-6.777,-2.994,0.199,0.0,MONITORING
87.7,-6.755,-2.992,0.217,0.0,MONITORING
87.8,-6.733,-2.992,0.227,0.0,MONITORING
87.9,-6.71,-2.993,0.226,0.0,MONITORING
88.0,-6.687,-2.994,0.231,0.0,MONITORING
88.1,-6.664,-2.994,0.237,0.0,MONITORING
88.2,-6.64,-2.995,0.243,0.0,MONITORING
88.3,-6.615,-2.996,0.253,0.0,MONITORING
88.4,-6.591,-2.998,0.233,0.0,MONITORING
88.5,-6.57,-3.0,0.202,0.0,MONITORING
88.6,-6.551,-3.004,0.188,0.0,MONITORING
88.7,-6.533,-3.007,0.18,0.0,MONITORING
88.8,-6.516,-3.01,0.173,0.0,MONITORING
88.9,-6.498,-3.012,0.189,0.0,MONITORING
89.0,-6.479,-3.015,0.194,0.0,MONITORING
89.1,-6.459,-3.018,0.2,0.0,MONITORING
89.2,-6.439,-3.021,0.204,0.0,MONITORING
89.3,-6.418,-3.024,0.212,0.0,MONITORING
89.4,-6.397,-3.028,0.22,0.0,MONITORING
89.5,-6.373,-3.031,0.257,0.0,MONITORING
89.6,-6.346,-3.036,0.292,0.0,MONITORING
89.7,-6.316,-3.043,0.318,0.0,MONITORING
89.8,-6.283,-3.05,0.347,0.0,MONITORING
89.9,-6.248,-3.059,0.378,0.0,MONITORING
90.0,-6.209,-3.071,0.427,0.0,MONITORING
90.1,-6.165,-3.085,0.478,0.0,MONITORING
90.2,-6.117,-3.101,0.526,0.0,MONITORING
90.3,-6.066,-3.118,0.519,0.0,MONITORING
90.4,-6.018,-3.131,0.481,0.0,MONITORING
90.5,-5.972,-3.144,0.475,0.0,MONITORING
90.6,-5.93,-3.155,0.41,0.0,MONITORING
90.7,-5.895,-3.165,0.316,0.0,MONITORING
90.8,-5.869,-3.169,0.244,0.0,MONITORING
90.9,-5.85,-3.17,0.15,0.0,MONITORING
91.0,-5.838,-3.17,0.18,0.0,MONITORING
91.1,-5.815,-3.176,0.251,0.0,MONITORING
91.2,-5.787,-3.184,0.33,0.0,MONITORING
91.3,-5.752,-3.194,0.382,0.0,MONITORING
91.4,-5.717,-3.202,0.355,0.0,MONITORING
91.5,-5.682,-3.205,0.344,0.0,MONITORING
91.6,-5.652,-3.207,0.258,0.0,MONITORING
91.7,-5.629,-3.207,0.223,0.0,MONITORING
91.8,-5.607,-3.21,0.232,0.0,MONITORING
91.9,-5.585,-3.217,0.221,0.0,MONITORING
92.0,-5.565,-3.223,0.214,0.0,MONITORING
92.1,-5.545,-3.23,0.203,0.0,MONITORING
92.2,-5.526,-3.236,0.197,0.0,MONITORING
92.3,-5.508,-3.241,0.192,0.0,MONITORING
92.4,-5.49,-3.247,0.185,0.0,MONITORING
92.5,-5.472,-3.252,0.182,0.0,MONITORING
92.6,-5.455,-3.258,0.179,0.0,MONITORING
92.7,-5.438,-3.263,0.174,0.0,MONITORING
92.8,-5.422,-3.268,0.17,0.0,MONITORING
92.9,-5.406,-3.272,0.167,0.0,MONITORING
93.0,-5.39,-3.277,0.164,0.0,MONITORING
93.1,-5.37,-3.282,0.238,0.0,MONITORING
93.2,-5.343,-3.292,0.325,0.0,MONITORING
93.3,-5.313,-3.305,0.319,0.0,MONITORING
93.4,-5.285,-3.317,0.303,0.0,MONITORING
93.5,-5.258,-3.327,0.268,0.0,MONITORING
93.6,-5.235,-3.337,0.241,0.0,MONITORING
93.7,-5.213,-3.345,0.234,0.0,MONITORING
93.8,-5.193,-3.354,0.218,0.0,MONITORING
93.9,-5.173,-3.361,0.205,0.0,MONITORING
94.0,-5.155,-3.368,0.196,0.0,MONITORING
94.1,-5.137,-3.375,0.19,0.0,MONITORING
94.2,-5.12,-3.381,0.182,0.0,MONITORING
94.3,-5.095,-3.39,0.325,0.0,MONITORING
94.4,-5.06,-3.403,0.406,0.0,MONITORING
94.5,-5.023,-3.415,0.381,0.0,MONITORING
94.6,-4.989,-3.426,0.339,0.0,MONITORING
94.7,-4.959,-3.436,0.31,0.0,MONITORING
94.8,-4.931,-3.444,0.281,0.0,MONITORING
94.9,-4.909,-3.451,0.201,0.0,MONITORING
95.0,-4.891,-3.456,0.186,0.0,MONITORING
95.1,-4.874,-3.461,0.171,0.0,MONITORING
95.2,-4.858,-3.466,0.162,0.0,MONITORING
95.3,-4.843,-3.47,0.155,0.0,MONITORING
95.4,-4.829,-3.472,0.143,0.0,MONITORING
95.5,-4.81,-3.474,0.212,0.0,MONITORING
95.6,-4.782,-3.477,0.351,0.0,MONITORING
95.7,-4.743,-3.483,0.42,0.0,MONITORING
95.8,-4.703,-3.49,0.394,0.0,MONITORING
95.9,-4.67,-3.498,0.306,0.0,MONITORING
96.0,-4.644,-3.504,0.238,0.0,MONITORING
96.1,-4.62,-3.51,0.251,0.0,MONITORING
96.2,-4.597,-3.515,0.233,0.0,MONITORING
96.3,-4.576,-3.519,0.211,0.0,MONITORING
96.4,-4.557,-3.523,0.19,0.0,MONITORING
96.5,-4.539,-3.527,0.178,0.0,MONITORING
96.6,-4.52,-3.531,0.198,0.0,MONITORING
96.7,-4.501,-3.535,0.191,0.0,MONITORING
96.8,-4.483,-3.538,0.178,0.0,MONITORING
96.9,-4.467,-3.541,0.166,0.0,MONITORING
97.0,-4.451,-3.544,0.156,0.0,MONITORING
97.1,-4.436,-3.547,0.151,0.0,MONITORING
97.2,-4.422,-3.549,0.146,0.0,MONITORING
97.3,-4.405,-3.552,0.177,0.0,MONITORING
97.4,-4.388,-3.555,0.168,0.0,MONITORING
97.5,-4.372,-3.557,0.161,0.0,MONITORING
97.6,-4.357,-3.56,0.155,0.0,MONITORING
97.7,-4.342,-3.562,0.149,0.0,MONITORING
97.8,-4.323,-3.565,0.218,0.0,MONITORING
97.9,-4.302,-3.568,0.213,0.0,MONITORING
98.0,-4.282,-3.571,0.201,0.0,MONITORING
98.1,-4.263,-3.574,0.185,0.0,MONITORING
98.2,-4.246,-3.576,0.17,0.0,MONITORING
98.3,-4.229,-3.578,0.161,0.0,MONITORING
98.4,-4.21,-3.581,0.213,0.0,MONITORING
98.5,-4.191,-3.583,0.185,0.0,MONITORING
98.6,-4.173,-3.585,0.173,0.0,MONITORING
98.7,-4.156,-3.587,0.163,0.0,MONITORING
98.8,-4.141,-3.588,0.155,0.0,MONITORING
98.9,-4.123,-3.59,0.188,0.0,MONITORING
99.0,-4.105,-3.592,0.18,0.0,MONITORING
99.1,-4.088,-3.593,0.17,0.0,MONITORING
99.2,-4.071,-3.594,0.155,0.0,MONITORING
99.3,-4.057,-3.595,0.146,0.0,MONITORING
99.4,-4.043,-3.596,0.14,0.0,MONITORING
99.5,-4.029,-3.597,0.136,0.0,MONITORING
99.6,-4.013,-3.598,0.17,0.0,MONITORING
99.7,-3.996,-3.598,0.161,0.0,MONITORING
99.8,-3.981,-3.598,0.146,0.0,MONITORING
99.9,-3.967,-3.597,0.14,0.0,MONITORING
100.0,-3.954,-3.596,0.135,0.0,MONITORING
100.1,-3.939,-3.594,0.154,0.0,MONITORING
100.2,-3.924,-3.593,0.154,0.0,MONITORING
100.3,-3.909,-3.593,0.149,0.0,MONITORING
100.4,-3.894,-3.592,0.152,0.0,MONITORING
100.5,-3.879,-3.593,0.148,0.0,MONITORING
100.6,-3.864,-3.593,0.147,0.0,MONITORING
100.7,-3.846,-3.594,0.199,0.0,MONITORING
100.8,-3.827,-3.594,0.189,0.0,MONITORING
100.9,-3.809,-3.594,0.177,0.0,MONITORING
101.0,-3.792,-3.595,0.167,0.0,MONITORING
101.1,-3.776,-3.595,0.161,0.0,MONITORING
101.2,-3.757,-3.595,0.198,0.0,MONITORING
101.3,-3.738,-3.595,0.185,0.0,MONITORING
101.4,-3.721,-3.594,0.174,0.0,MONITORING
101.5,-3.704,-3.594,0.165,0.0,MONITORING
101.6,-3.688,-3.593,0.157,0.0,MONITORING
101.7,-3.673,-3.593,0.152,0.0,MONITORING
101.8,-3.655,-3.592,0.184,0.0,MONITORING
101.9,-3.637,-3.592,0.174,0.0,MONITORING
102.0,-3.621,-3.591,0.165,0.0,MONITORING
102.1,-3.605,-3.59,0.158,0.0,MONITORING
102.2,-3.59,-3.589,0.152,0.0,MONITORING
102.3,-3.575,-3.588,0.146,0.0,MONITORING
102.4,-3.559,-3.587,0.167,0.0,MONITORING
102.5,-3.543,-3.586,0.16,0.0,MONITORING
102.6,-3.527,-3.585,0.153,0.0,MONITORING
102.7,-3.512,-3.584,0.149,0.0,MONITORING
102.8,-3.498,-3.582,0.143,0.0,MONITORING
102.9,-3.48,-3.581,0.193,0.0,MONITORING
103.0,-3.462,-3.579,0.182,0.0,MONITORING
103.1,-3.445,-3.578,0.171,0.0,MONITORING
103.2,-3.428,-3.576,0.16,0.0,MONITORING
103.3,-3.413,-3.574,0.153,0.0,MONITORING
103.4,-3.398,-3.572,0.148,0.0,MONITORING
103.5,-3.381,-3.571,0.182,0.0,MONITORING
103.6,-3.364,-3.568,0.174,0.0,MONITORING
103.7,-3.347,-3.566,0.163,0.0,MONITORING
103.8,-3.332,-3.564,0.156,0.0,MONITORING
103.9,-3.317,-3.562,0.149,0.0,MONITORING
104.0,-3.299,-3.56,0.191,0.0,MONITORING
104.1,-3.28,-3.556,0.19,0.0,MONITORING
104.2,-3.263,-3.552,0.179,0.0,MONITORING
104.3,-3.246,-3.548,0.17,0.0,MONITORING
104.4,-3.23,-3.544,0.163,0.0,MONITORING
104.5,-3.214,-3.541,0.157,0.0,MONITORING
104.6,-3.199,-3.537,0.162,0.0,MONITORING
104.7,-3.183,-3.533,0.157,0.0,MONITORING
104.8,-3.169,-3.529,0.151,0.0,MONITORING
104.9,-3.154,-3.526,0.147,0.0,MONITORING
105.0,-3.14,-3.522,0.143,0.0,MONITORING
105.1,-3.128,-3.519,0.125,0.0,MONITORING
105.2,-3.116,-3.516,0.124,0.0,MONITORING
105.3,-3.104,-3.512,0.119,0.0,MONITORING
105.4,-3.093,-3.51,0.112,0.0,MONITORING
105.5,-3.082,-3.508,0.11,0.0,MONITORING
105.6,-3.072,-3.505,0.109,0.0,MONITORING
105.7,-3.059,-3.503,0.133,0.0,MONITORING
105.8,-3.047,-3.5,0.123,0.0,MONITORING
105.9,-3.039,-3.493,0.1,0.0,MONITORING
106.0,-3.032,-3.485,0.096,0.0,MONITORING
106.1,-3.026,-3.478,0.097,0.0,MONITORING
106.2,-3.019,-3.469,0.114,0.0,MONITORING
106.3,-3.012,-3.46,0.114,0.0,MONITORING
106.4,-3.005,-3.452,0.114,0.0,MONITORING
106.5,-2.997,-3.443,0.114,0.0,MONITORING
106.6,-2.99,-3.434,0.114,0.0,MONITORING
106.7,-2.983,-3.426,0.107,0.0,MONITORING
106.8,-2.977,-3.417,0.107,0.0,MONITORING
106.9,-2.97,-3.409,0.108,0.0,MONITORING
107.0,-2.963,-3.4,0.11,0.0,MONITORING
107.1,-2.956,-3.392,0.111,0.0,MONITORING
107.2,-2.949,-3.384,0.1,0.0,MONITORING
107.3,-2.943,-3.376,0.099,0.0,MONITORING
107.4,-2.937,-3.368,0.099,0.0,MONITORING
107.5,-2.931,-3.36,0.1,0.0,MONITORING
107.6,-2.924,-3.353,0.1,0.0,MONITORING
107.7,-2.917,-3.344,0.124,0.0,MONITORING
107.8,-2.909,-3.334,0.127,0.0,MONITORING
107.9,-2.901,-3.324,0.131,0.0,MONITORING
108.0,-2.893,-3.313,0.136,0.0,MONITORING
108.1,-2.885,-3.303,0.13,0.0,MONITORING
108.2,-2.877,-3.294,0.11,0.0,MONITORING
108.3,-2.871,-3.285,0.11,0.0,MONITORING
108.4,-2.863,-3.276,0.112,0.0,MONITORING
108.5,-2.856,-3.268,0.115,0.0,MONITORING
108.6,-2.848,-3.26,0.115,0.0,MONITORING
108.7,-2.84,-3.251,0.115,0.0,MONITORING
108.8,-2.833,-3.243,0.115,0.0,MONITORING
108.9,-2.825,-3.234,0.115,0.0,MONITORING
109.0,-2.817,-3.226,0.115,0.0,MONITORING
109.1,-2.809,-3.217,0.115,0.0,MONITORING
109.2,-2.801,-3.209,0.114,0.0,MONITORING
109.3,-2.793,-3.201,0.115,0.0,MONITORING
109.4,-2.785,-3.193,0.116,0.0,MONITORING
109.5,-2.776,-3.186,0.116,0.0,MONITORING
109.6,-2.767,-3.179,0.107,0.0,MONITORING
109.7,-2.758,-3.172,0.112,0.0,MONITORING
109.8,-2.749,-3.166,0.107,0.0,MONITORING
109.9,-2.741,-3.16,0.106,0.0,MONITORING
110.0,-2.732,-3.153,0.105,0.0,MONITORING
110.1,-2.724,-3.147,0.103,0.0,MONITORING
110.2,-2.715,-3.14,0.126,0.0,MONITORING
110.3,-2.705,-3.132,0.119,0.0,MONITORING
110.4,-2.697,-3.125,0.1,0.0,MONITORING
110.5,-2.689,-3.118,0.11,0.0,MONITORING
110.6,-2.679,-3.111,0.122,0.0,MONITORING
110.7,-2.671,-3.105,0.092,0.0,MONITORING
110.8,-2.665,-3.1,0.07,0.0,MONITORING
110.9,-2.659,-3.097,0.071,0.0,MONITORING
111.0,-2.653,-3.092,0.082,0.0,MONITORING
111.1,-2.646,-3.087,0.086,0.0,MONITORING
111.2,-2.639,-3.081,0.095,0.0,MONITORING
111.3,-2.632,-3.075,0.081,0.0,MONITORING
111.4,-2.627,-3.07,0.074,0.0,MONITORING
111.5,-2.621,-3.065,0.084,0.0,MONITORING
111.6,-2.614,-3.059,0.093,0.0,MONITORING
111.7,-2.607,-3.053,0.084,0.0,MONITORING
111.8,-2.601,-3.047,0.092,0.0,MONITORING
111.9,-2.594,-3.04,0.097,0.0,MONITORING
112.0,-2.587,-3.035,0.086,0.0,MONITORING
112.1,-2.581,-3.028,0.095,0.0,MONITORING
112.2,-2.574,-3.023,0.077,0.0,MONITORING
112.3,-2.569,-3.018,0.074,0.0,MONITORING
112.4,-2.563,-3.013,0.082,0.0,MONITORING
112.5,-2.557,-3.008,0.075,0.0,MONITORING
112.6,-2.551,-3.003,0.076,0.0,MONITORING
112.7,-2.545,-2.997,0.082,0.0,MONITORING
112.8,-2.539,-2.993,0.071,0.0,MONITORING
112.9,-2.534,-2.988,0.078,0.0,MONITORING
113.0,-2.528,-2.982,0.076,0.0,MONITORING
113.1,-2.522,-2.977,0.071,0.0,MONITORING
113.2,-2.517,-2.972,0.078,0.0,MONITORING
113.3,-2.511,-2.966,0.09,0.0,MONITORING
113.4,-2.505,-2.959,0.093,0.0,MONITORING
113.5,-2.498,-2.953,0.093,0.0,MONITORING
113.6,-2.491,-2.946,0.105,0.0,MONITORING
113.7,-2.482,-2.939,0.122,0.0,MONITORING
113.8,-2.471,-2.934,0.115,0.0,MONITORING
113.9,-2.462,-2.93,0.088,0.0,MONITORING
114.0,-2.454,-2.926,0.086,0.0,MONITORING
114.1,-2.447,-2.922,0.085,0.0,MONITORING
114.2,-2.439,-2.918,0.085,0.0,MONITORING
114.3,-2.433,-2.914,0.072,0.0,MONITORING
114.4,-2.427,-2.91,0.069,0.0,MONITORING
114.5,-2.421,-2.907,0.057,0.0,MONITORING
114.6,-2.416,-2.905,0.059,0.0,MONITORING
114.7,-2.41,-2.901,0.077,0.0,MONITORING
114.8,-2.404,-2.896,0.09,0.0,MONITORING
114.9,-2.398,-2.89,0.078,0.0,MONITORING
115.0,-2.393,-2.884,0.068,0.0,MONITORING
115.1,-2.39,-2.88,0.054,0.0,MONITORING
115.2,-2.387,-2.876,0.043,0.0,MONITORING
115.3,-2.384,-2.872,0.054,0.0,MONITORING
115.4,-2.379,-2.869,0.064,0.0,MONITORING
115.5,-2.375,-2.864,0.063,0.0,MONITORING
115.6,-2.371,-2.859,0.055,0.0,MONITORING
115.7,-2.368,-2.855,0.049,0.0,MONITORING
115.8,-2.364,-2.851,0.061,0.0,MONITORING
115.9,-2.36,-2.847,0.057,0.0,MONITORING
116.0,-2.356,-2.843,0.051,0.0,MONITORING
116.1,-2.352,-2.839,0.059,0.0,MONITORING
116.2,-2.349,-2.836,0.047,0.0,MONITORING
116.3,-2.346,-2.833,0.042,0.0,MONITORING
116.4,-2.343,-2.83,0.046,0.0,MONITORING
116.5,-2.338,-2.827,0.046,0.0,MONITORING
116.6,-2.335,-2.825,0.042,0.0,MONITORING
116.7,-2.331,-2.823,0.049,0.0,MONITORING
116.8,-2.326,-2.821,0.054,0.0,MONITORING
116.9,-2.321,-2.819,0.056,0.0,MONITORING
117.0,-2.315,-2.817,0.059,0.0,MONITORING
117.1,-2.31,-2.815,0.059,0.0,MONITORING
117.2,-2.304,-2.814,0.059,0.0,MONITORING
117.3,-2.298,-2.813,0.06,0.0,MONITORING
117.4,-2.293,-2.811,0.057,0.0,MONITORING
117.5,-2.287,-2.81,0.057,0.0,MONITORING
117.6,-2.282,-2.809,0.056,0.0,MONITORING
117.7,-2.276,-2.808,0.052,0.0,MONITORING
117.8,-2.272,-2.805,0.048,0.0,MONITORING
117.9,-2.269,-2.801,0.052,0.0,MONITORING
118.0,-2.265,-2.797,0.054,0.0,MONITORING
118.1,-2.261,-2.793,0.056,0.0,MONITORING
118.2,-2.257,-2.789,0.062,0.0,MONITORING
118.3,-2.252,-2.786,0.062,0.0,MONITORING
118.4,-2.247,-2.782,0.067,0.0,MONITORING
118.5,-2.241,-2.779,0.07,0.0,MONITORING
118.6,-2.234,-2.775,0.073,0.0,MONITORING
118.7,-2.226,-2.771,0.096,0.0,MONITORING
118.8,-2.218,-2.767,0.102,0.0,MONITORING
118.9,-2.208,-2.762,0.104,0.0,MONITORING
119.0,-2.198,-2.758,0.106,0.0,MONITORING
119.1,-2.189,-2.754,0.104,0.0,MONITORING
119.2,-2.179,-2.75,0.101,0.0,MONITORING
119.3,-2.17,-2.746,0.1,0.0,MONITORING
119.4,-2.161,-2.743,0.097,0.0,MONITORING
119.5,-2.152,-2.739,0.095,0.0,MONITORING
119.6,-2.144,-2.735,0.094,0.0,MONITORING
119.7,-2.135,-2.731,0.092,0.0,MONITORING
119.8,-2.127,-2.728,0.09,0.0,MONITORING
119.9,-2.119,-2.724,0.089,0.0,MONITORING
120.0,-2.111,-2.72,0.087,0.0,MONITORING
120.1,-2.103,-2.717,0.086,0.0,MONITORING
120.2,-2.096,-2.713,0.084,0.0,MONITORING
120.3,-2.088,-2.709,0.083,0.0,MONITORING
120.4,-2.081,-2.706,0.082,0.0,MONITORING
120.5,-2.073,-2.702,0.081,0.0,MONITORING
120.6,-2.066,-2.699,0.078,0.0,MONITORING
120.7,-2.059,-2.695,0.078,0.0,MONITORING
120.8,-2.052,-2.692,0.076,0.0,MONITORING
120.9,-2.046,-2.689,0.075,0.0,MONITORING
121.0,-2.039,-2.685,0.075,0.0,MONITORING
121.1,-2.032,-2.682,0.074,0.0,MONITORING
121.2,-2.026,-2.678,0.073,0.0,MONITORING
121.3,-2.018,-2.674,0.096,0.0,MONITORING
121.4,-2.01,-2.67,0.095,0.0,MONITORING
121.5,-2.002,-2.665,0.094,0.0,MONITORING
121.6,-1.994,-2.661,0.088,0.0,MONITORING
121.7,-1.986,-2.657,0.084,0.0,MONITORING
121.8,-1.979,-2.653,0.08,0.0,MONITORING
121.9,-1.972,-2.649,0.077,0.0,MONITORING
122.0,-1.966,-2.646,0.074,0.0,MONITORING
122.1,-1.959,-2.641,0.074,0.0,MONITORING
122.2,-1.954,-2.637,0.075,0.0,MONITORING
122.3,-1.948,-2.632,0.075,0.0,MONITORING
122.4,-1.943,-2.627,0.075,0.0,MONITORING
122.5,-1.938,-2.621,0.076,0.0,MONITORING
122.6,-1.933,-2.614,0.085,0.0,MONITORING
122.7,-1.928,-2.607,0.087,0.0,MONITORING
122.8,-1.923,-2.6,0.09,0.0,MONITORING
122.9,-1.918,-2.592,0.093,0.0,MONITORING
123.0,-1.912,-2.584,0.098,0.0,MONITORING
123.1,-1.907,-2.576,0.105,0.0,MONITORING
123.2,-1.901,-2.567,0.111,0.0,MONITORING
123.3,-1.895,-2.558,0.108,0.0,MONITORING
123.4,-1.889,-2.55,0.093,0.0,MONITORING
123.5,-1.884,-2.541,0.101,0.0,MONITORING
123.6,-1.879,-2.532,0.108,0.0,MONITORING
123.7,-1.873,-2.522,0.119,0.0,MONITORING
123.8,-1.868,-2.511,0.124,0.0,MONITORING
123.9,-1.863,-2.501,0.117,0.0,MONITORING
124.0,-1.857,-2.49,0.117,0.0,MONITORING
124.1,-1.852,-2.48,0.113,0.0,MONITORING
124.2,-1.847,-2.47,0.106,0.0,MONITORING
124.3,-1.842,-2.462,0.097,0.0,MONITORING
124.4,-1.837,-2.454,0.093,0.0,MONITORING
124.5,-1.831,-2.445,0.114,0.0,MONITORING
124.6,-1.825,-2.437,0.084,0.0,MONITORING
124.7,-1.82,-2.432,0.063,0.0,MONITORING
124.8,-1.816,-2.428,0.061,0.0,MONITORING
124.9,-1.811,-2.424,0.061,0.0,MONITORING
125.0,-1.807,-2.42,0.061,0.0,MONITORING
125.1,-1.803,-2.416,0.052,0.0,MONITORING
125.2,-1.799,-2.413,0.052,0.0,MONITORING
125.3,-1.795,-2.409,0.052,0.0,MONITORING
125.4,-1.791,-2.406,0.052,0.0,MONITORING
125.5,-1.788,-2.402,0.052,0.0005,MONITORING
125.6,-1.784,-2.399,0.051,0.0005,MONITORING
125.7,-1.78,-2.395,0.051,0.0005,MONITORING
125.8,-1.776,-2.392,0.051,0.0005,MONITORING
125.9,-1.773,-2.388,0.051,0.0,MONITORING
126.0,-1.769,-2.384,0.051,0.0,MONITORING
126.1,-1.765,-2.381,0.051,0.0,MONITORING
126.2,-1.762,-2.378,0.045,0.0,MONITORING
126.3,-1.759,-2.375,0.045,0.0452,MONITORING
126.4,-1.756,-2.371,0.045,0.0,MONITORING
126.5,-1.752,-2.368,0.045,0.0,MONITORING
126.6,-1.749,-2.365,0.045,0.0,MONITORING
126.7,-1.746,-2.362,0.045,0.0,MONITORING
126.8,-1.743,-2.359,0.045,0.0,MONITORING
126.9,-1.739,-2.356,0.045,0.0,MONITORING
127.0,-1.736,-2.352,0.045,0.0,MONITORING
127.1,-1.733,-2.349,0.045,0.0,MONITORING
127.2,-1.73,-2.346,0.045,0.0,MONITORING
127.3,-1.726,-2.343,0.052,0.0,MONITORING
127.4,-1.723,-2.339,0.051,0.0,MONITORING
127.5,-1.719,-2.335,0.052,0.0,MONITORING
127.6,-1.716,-2.331,0.052,0.0,MONITORING
127.7,-1.712,-2.327,0.054,0.0,MONITORING
127.8,-1.709,-2.323,0.055,0.0,MONITORING
127.9,-1.705,-2.319,0.055,0.0,MONITORING
128.0,-1.702,-2.315,0.055,0.0,MONITORING
128.1,-1.698,-2.31,0.055,0.0,MONITORING
128.2,-1.695,-2.306,0.056,0.0,MONITORING
128.3,-1.692,-2.302,0.056,0.0,MONITORING
128.4,-1.688,-2.297,0.056,0.0362,MONITORING
128.5,-1.685,-2.292,0.056,0.0362,MONITORING
128.6,-1.682,-2.288,0.056,0.0,MONITORING
128.7,-1.678,-2.283,0.057,0.0,MONITORING
128.8,-1.675,-2.279,0.057,0.0,MONITORING
128.9,-1.672,-2.274,0.057,0.0,MONITORING
129.0,-1.669,-2.269,0.058,0.0258,MONITORING
129.1,-1.666,-2.264,0.057,0.0258,MONITORING
129.2,-1.663,-2.259,0.057,0.0,MONITORING
129.3,-1.66,-2.255,0.058,0.0274,MONITORING
129.4,-1.656,-2.25,0.058,0.0,MONITORING
129.5,-1.653,-2.245,0.058,0.0,MONITORING
129.6,-1.651,-2.24,0.053,0.0,MONITORING
129.7,-1.648,-2.235,0.054,0.0,MONITORING
129.8,-1.645,-2.231,0.054,0.0,MONITORING
129.9,-1.642,-2.226,0.054,0.0,MONITORING
130.0,-1.639,-2.222,0.054,0.0,MONITORING
130.1,-1.637,-2.217,0.055,0.0,MONITORING
130.2,-1.633,-2.211,0.068,0.0,MONITORING
130.3,-1.63,-2.205,0.072,0.0,MONITORING
130.4,-1.627,-2.199,0.069,0.0,MONITORING
130.5,-1.623,-2.193,0.07,0.0,MONITORING
130.6,-1.62,-2.187,0.07,0.0,MONITORING
130.7,-1.617,-2.181,0.07,0.0,MONITORING
130.8,-1.613,-2.174,0.07,0.0313,MONITORING
130.9,-1.61,-2.168,0.071,0.0313,MONITORING
131.0,-1.607,-2.162,0.071,0.0,MONITORING
131.1,-1.603,-2.156,0.071,0.0186,MONITORING
131.2,-1.6,-2.149,0.072,0.0186,MONITORING
131.3,-1.597,-2.143,0.072,0.0186,MONITORING
131.4,-1.594,-2.136,0.072,0.0186,MONITORING
131.5,-1.591,-2.13,0.073,0.0186,MONITORING
131.6,-1.587,-2.123,0.073,0.0186,MONITORING
131.7,-1.584,-2.117,0.073,0.0186,MONITORING
131.8,-1.581,-2.11,0.074,0.118,MONITORING
131.9,-1.578,-2.104,0.069,0.118,MONITORING
132.0,-1.575,-2.097,0.102,0.1314,MONITORING
132.1,-1.569,-2.088,0.104,0.1735,MONITORING
132.2,-1.564,-2.079,0.104,0.0847,MONITORING
132.3,-1.558,-2.07,0.104,0.0847,MONITORING
132.4,-1.553,-2.06,0.12,0.0,MONITORING
132.5,-1.546,-2.05,0.12,0.0391,MONITORING
132.6,-1.54,-2.04,0.12,0.0,MONITORING
132.7,-1.534,-2.029,0.12,0.0,MONITORING
132.8,-1.528,-2.019,0.12,0.0,MONITORING
132.9,-1.522,-2.009,0.12,0.0,MONITORING
133.0,-1.516,-1.998,0.124,0.0,MONITORING
133.1,-1.51,-1.987,0.123,0.0,MONITORING
133.2,-1.503,-1.977,0.126,0.0,MONITORING
133.3,-1.494,-1.968,0.129,0.0,MONITORING
133.4,-1.485,-1.959,0.128,0.0,MONITORING
133.5,-1.474,-1.949,0.144,0.0,MONITORING
133.6,-1.464,-1.94,0.141,0.0,MONITORING
133.7,-1.454,-1.93,0.138,0.0699,MONITORING
133.8,-1.444,-1.921,0.135,0.0699,MONITORING
133.9,-1.435,-1.911,0.133,0.0699,MONITORING
134.0,-1.425,-1.902,0.129,0.0699,MONITORING
134.1,-1.415,-1.891,0.152,0.0848,MONITORING
134.2,-1.405,-1.879,0.168,0.0842,MONITORING
134.3,-1.396,-1.866,0.167,0.0028,MONITORING
134.4,-1.386,-1.852,0.164,0.1141,MONITORING
134.5,-1.377,-1.839,0.162,0.1141,MONITORING
134.6,-1.369,-1.826,0.151,0.0,MONITORING
134.7,-1.361,-1.812,0.157,0.0,MONITORING
134.8,-1.353,-1.798,0.166,0.0,MONITORING
134.9,-1.342,-1.785,0.173,0.0335,MONITORING
135.0,-1.332,-1.771,0.172,0.0335,MONITORING
135.1,-1.318,-1.755,0.244,0.0335,MONITORING
135.2,-1.301,-1.732,0.313,0.0335,MONITORING
135.3,-1.282,-1.708,0.309,0.0,MONITORING
135.4,-1.264,-1.683,0.305,0.0526,MONITORING
135.5,-1.246,-1.659,0.302,0.0526,MONITORING
135.6,-1.231,-1.638,0.225,0.0976,MONITORING
135.7,-1.219,-1.621,0.201,0.0822,MONITORING
135.8,-1.207,-1.605,0.2,0.0822,MONITORING
135.9,-1.196,-1.589,0.2,0.0822,MONITORING
136.0,-1.184,-1.572,0.2,0.0,MONITORING
136.1,-1.173,-1.556,0.201,0.0,MONITORING
136.2,-1.159,-1.535,0.276,0.0,MONITORING
136.3,-1.14,-1.508,0.397,0.0507,MONITORING
136.4,-1.114,-1.47,0.486,0.0507,MONITORING
136.5,-1.086,-1.427,0.54,0.0,MONITORING
136.6,-1.056,-1.378,0.598,0.0,MONITORING
136.7,-1.024,-1.326,0.613,0.0,MONITORING
136.8,-0.992,-1.275,0.594,0.0,MONITORING
136.9,-0.959,-1.225,0.579,0.0,MONITORING
137.0,-0.927,-1.177,0.56,0.0,MONITORING
137.1,-0.898,-1.129,0.56,0.0,MONITORING
137.2,-0.871,-1.088,0.447,0.0554,MONITORING
137.3,-0.851,-1.057,0.31,0.0383,MONITORING
137.4,-0.839,-1.037,0.188,0.0,MONITORING
137.5,-0.827,-1.021,0.201,0.0,MONITORING
137.6,-0.813,-1.005,0.245,0.0,MONITORING
137.7,-0.794,-0.985,0.315,0.0421,MONITORING
137.8,-0.771,-0.964,0.3,0.0421,MONITORING
137.9,-0.747,-0.947,0.286,0.0772,MONITORING
138.0,-0.724,-0.934,0.257,0.0772,MONITORING
138.1,-0.703,-0.924,0.226,0.0523,MONITORING
138.2,-0.686,-0.917,0.148,0.0523,MONITORING
138.3,-0.675,-0.906,0.163,0.0523,MONITORING
138.4,-0.666,-0.89,0.193,0.0102,MONITORING
138.5,-0.657,-0.873,0.192,0.014,MONITORING
138.6,-0.647,-0.855,0.213,0.0,MONITORING
138.7,-0.637,-0.836,0.203,0.0,MONITORING
138.8,-0.628,-0.819,0.192,0.0,MONITORING
138.9,-0.62,-0.802,0.189,0.0,MONITORING
139.0,-0.612,-0.786,0.181,0.0,MONITORING
139.1,-0.602,-0.766,0.243,0.0,MONITORING
139.2,-0.589,-0.743,0.273,0.0,MONITORING
139.3,-0.577,-0.72,0.263,0.0,MONITORING
139.4,-0.564,-0.697,0.269,0.0094,MONITORING
139.5,-0.549,-0.676,0.262,0.0094,MONITORING
139.6,-0.533,-0.652,0.311,0.0315,MONITORING
139.7,-0.513,-0.623,0.386,0.0315,MONITORING
139.8,-0.488,-0.587,0.462,0.0874,MONITORING
139.9,-0.458,-0.547,0.532,0.0629,MONITORING
140.0,-0.424,-0.501,0.59,0.0,MONITORING
140.1,-0.387,-0.453,0.619,0.0,MONITORING
140.2,-0.351,-0.404,0.612,0.0,MONITORING
140.3,-0.315,-0.354,0.601,0.0,MONITORING
140.4,-0.279,-0.307,0.589,0.0,MONITORING
140.5,-0.245,-0.265,0.517,0.0,MONITORING
140.6,-0.217,-0.229,0.422,0.0686,MONITORING
140.7,-0.198,-0.202,0.251,0.0,MONITORING
140.8,-0.19,-0.184,0.173,0.0,MONITORING
140.9,-0.182,-0.17,0.14,0.1727,MONITORING
141.0,-0.173,-0.157,0.172,0.1727,MONITORING
141.1,-0.155,-0.134,0.364,0.1727,MONITORING
141.2,-0.133,-0.103,0.387,0.1727,MONITORING
141.3,-0.11,-0.072,0.394,0.1727,MONITORING
141.4,-0.087,-0.04,0.387,0.0,MONITORING
141.5,-0.06,-0.006,0.465,0.0,MONITORING
141.6,-0.026,0.033,0.572,0.0,MONITORING
141.7,0.013,0.076,0.587,0.0,MONITORING
141.8,0.052,0.12,0.569,0.0,MONITORING
141.9,0.087,0.164,0.566,0.0,MONITORING
142.0,0.118,0.205,0.456,0.0,MONITORING
142.1,0.14,0.239,0.387,0.0,MONITORING
142.2,0.16,0.275,0.421,0.0006,MONITORING
142.3,0.181,0.315,0.465,0.0288,MONITORING
142.4,0.204,0.359,0.508,0.0,MONITORING
142.5,0.228,0.397,0.386,0.0,MONITORING
142.6,0.247,0.424,0.286,0.0,MONITORING
142.7,0.259,0.44,0.156,0.0,MONITORING
142.8,0.269,0.451,0.134,0.0,MONITORING
142.9,0.277,0.459,0.139,0.0,MONITORING
143.0,0.291,0.477,0.274,0.0,MONITORING
143.1,0.309,0.499,0.301,0.0,MONITORING
143.2,0.328,0.523,0.314,0.0,MONITORING
143.3,0.347,0.546,0.29,0.0,MONITORING
143.4,0.369,0.571,0.364,0.0292,MONITORING
143.5,0.396,0.6,0.411,0.0292,MONITORING
143.6,0.424,0.626,0.382,0.0292,MONITORING
143.7,0.455,0.651,0.387,0.0292,MONITORING
143.8,0.486,0.676,0.409,0.0574,MONITORING
143.9,0.517,0.702,0.403,0.0574,MONITORING
144.0,0.546,0.731,0.418,0.0,MONITORING
144.1,0.575,0.761,0.416,0.0657,MONITORING
144.2,0.604,0.791,0.408,0.0548,MONITORING
144.3,0.633,0.82,0.416,0.0548,MONITORING
144.4,0.663,0.849,0.418,0.0548,MONITORING
144.5,0.693,0.879,0.428,0.0548,MONITORING
144.6,0.722,0.908,0.386,0.0,MONITORING
144.7,0.748,0.934,0.366,0.0,MONITORING
144.8,0.77,0.958,0.307,0.0,MONITORING
144.9,0.79,0.98,0.287,0.0,MONITORING
145.0,0.809,1.001,0.28,0.0,MONITORING
145.1,0.827,1.023,0.278,0.0,MONITORING
145.2,0.845,1.044,0.281,0.0,MONITORING
145.3,0.869,1.073,0.45,0.0,MONITORING
145.4,0.9,1.109,0.47,0.0,MONITORING
145.5,0.93,1.143,0.451,0.0,MONITORING
145.6,0.958,1.183,0.525,0.0,MONITORING
145.7,0.987,1.229,0.542,0.0,MONITORING
145.8,1.015,1.274,0.523,0.0,MONITORING
145.9,1.044,1.319,0.538,0.0426,MONITORING
146.0,1.072,1.363,0.51,0.0426,MONITORING
146.1,1.098,1.406,0.483,0.0426,MONITORING
146.2,1.121,1.449,0.492,0.0716,MONITORING
146.3,1.141,1.492,0.446,0.0716,MONITORING
146.4,1.155,1.524,0.298,0.0716,MONITORING
146.5,1.165,1.544,0.167,0.0716,MONITORING
146.6,1.17,1.555,0.089,0.0,MONITORING
146.7,1.173,1.559,0.027,0.006,MONITORING
146.8,1.175,1.558,0.039,0.006,MONITORING
146.9,1.178,1.556,0.016,0.1444,MONITORING
147.0,1.183,1.561,0.09,0.146,MONITORING
147.1,1.19,1.572,0.163,0.146,MONITORING
147.2,1.202,1.588,0.238,0.0973,MONITORING
147.3,1.217,1.605,0.218,0.0973,MONITORING
147.4,1.229,1.621,0.204,0.0973,MONITORING
147.5,1.24,1.639,0.212,0.0973,MONITORING
147.6,1.253,1.661,0.283,0.1163,MONITORING
147.7,1.271,1.689,0.39,0.0548,MONITORING
147.8,1.294,1.724,0.427,0.0,MONITORING
147.9,1.317,1.759,0.404,0.0,MONITORING
148.0,1.339,1.791,0.378,0.0,MONITORING
148.1,1.362,1.825,0.427,0.0,MONITORING
148.2,1.39,1.863,0.522,0.0,MONITORING
148.3,1.423,1.908,0.555,0.0,MONITORING
148.4,1.457,1.953,0.572,0.0,MONITORING
148.5,1.493,1.997,0.579,0.0,MONITORING
148.6,1.532,2.041,0.589,0.0,MONITORING
148.7,1.573,2.084,0.602,0.0,MONITORING
148.8,1.617,2.126,0.605,0.1095,MONITORING
148.9,1.66,2.167,0.591,0.1346,MONITORING
149.0,1.702,2.211,0.606,0.0,MONITORING
149.1,1.74,2.256,0.566,0.0,MONITORING
149.2,1.775,2.3,0.555,0.0,MONITORING
149.3,1.812,2.343,0.556,0.0,MONITORING
149.4,1.844,2.386,0.543,0.0,MONITORING
149.5,1.877,2.427,0.571,0.0,MONITORING
149.6,1.913,2.466,0.469,0.0,MONITORING
149.7,1.938,2.497,0.333,0.0,MONITORING
149.8,1.959,2.522,0.313,0.0,MONITORING
149.9,1.979,2.544,0.301,0.0,MONITORING
150.0,1.997,2.564,0.252,0.0,MONITORING
150.1,2.013,2.582,0.239,0.0,MONITORING
150.2,2.029,2.6,0.236,0.0,MONITORING
150.3,2.044,2.617,0.212,0.0,MONITORING
150.4,2.054,2.632,0.165,0.0,MONITORING
150.5,2.061,2.644,0.133,0.0,MONITORING
150.6,2.065,2.656,0.125,0.0,MONITORING
150.7,2.07,2.668,0.125,0.0,MONITORING
150.8,2.074,2.68,0.126,0.0,MONITORING
150.9,2.079,2.694,0.164,0.0,MONITORING
151.0,2.084,2.711,0.17,0.0,MONITORING
151.1,2.089,2.727,0.177,0.0,MONITORING
151.2,2.095,2.745,0.183,0.0,MONITORING
151.3,2.1,2.763,0.19,0.0,MONITORING
151.4,2.105,2.779,0.153,0.0,MONITORING
151.5,2.11,2.794,0.165,0.0,MONITORING
151.6,2.114,2.81,0.172,0.0,MONITORING
151.7,2.119,2.827,0.179,0.0,MONITORING
151.8,2.124,2.843,0.165,0.0,MONITORING
151.9,2.129,2.86,0.176,0.0,MONITORING
152.0,2.134,2.878,0.196,0.0,MONITORING
152.1,2.139,2.899,0.228,0.0,MONITORING
152.2,2.144,2.918,0.187,0.0,MONITORING
152.3,2.148,2.937,0.202,0.0,MONITORING
152.4,2.154,2.956,0.179,0.0,MONITORING
152.5,2.162,2.973,0.195,0.0939,MONITORING
152.6,2.174,2.99,0.223,0.0,MONITORING
152.7,2.194,3.012,0.346,0.0,MONITORING
152.8,2.22,3.037,0.373,0.0,MONITORING
152.9,2.249,3.062,0.385,0.0,MONITORING
153.0,2.277,3.085,0.356,0.0,MONITORING
153.1,2.302,3.108,0.354,0.0,MONITORING
153.2,2.324,3.13,0.272,0.0,MONITORING
153.3,2.342,3.149,0.258,0.0,MONITORING
153.4,2.359,3.167,0.243,0.0,MONITORING
153.5,2.376,3.19,0.298,0.0,MONITORING
153.6,2.397,3.217,0.384,0.0,MONITORING
153.7,2.424,3.247,0.386,0.0,MONITORING
153.8,2.45,3.277,0.399,0.0,MONITORING
153.9,2.474,3.31,0.415,0.0,MONITORING
154.0,2.497,3.347,0.468,0.0,MONITORING
154.1,2.522,3.389,0.481,0.0,MONITORING
154.2,2.546,3.431,0.469,0.0,MONITORING
154.3,2.57,3.472,0.459,0.0,MONITORING
154.4,2.592,3.512,0.448,0.0,MONITORING
154.5,2.615,3.554,0.516,0.0,MONITORING
154.6,2.641,3.603,0.581,0.0,MONITORING
154.7,2.668,3.655,0.579,0.0,MONITORING
154.8,2.692,3.707,0.573,0.0,MONITORING
154.9,2.714,3.758,0.553,0.0,MONITORING
155.0,2.737,3.809,0.559,0.0,MONITORING
155.1,2.763,3.858,0.55,0.0,MONITORING
155.2,2.791,3.908,0.577,0.0,MONITORING
155.3,2.819,3.957,0.561,0.0,MONITORING
155.4,2.846,4.005,0.562,0.0,MONITORING
155.5,2.88,4.05,0.549,0.0,MONITORING
155.6,2.923,4.089,0.598,0.0,MONITORING
155.7,2.967,4.13,0.607,0.0,MONITORING
155.8,3.01,4.173,0.621,0.0,MONITORING
155.9,3.053,4.216,0.618,0.0,MONITORING
156.0,3.096,4.259,0.604,0.0,MONITORING
156.1,3.137,4.301,0.596,0.0,MONITORING
156.2,3.177,4.342,0.564,0.0,MONITORING
156.3,3.216,4.381,0.53,0.0,MONITORING
156.4,3.253,4.419,0.527,0.0,MONITORING
156.5,3.29,4.456,0.518,0.0,MONITORING
156.6,3.326,4.494,0.509,0.0,MONITORING
156.7,3.362,4.53,0.506,0.0,MONITORING
156.8,3.398,4.568,0.524,0.0,MONITORING
156.9,3.433,4.603,0.475,0.0,MONITORING
157.0,3.464,4.633,0.386,0.0,MONITORING
157.1,3.492,4.661,0.404,0.0,MONITORING
157.2,3.52,4.687,0.376,0.0,MONITORING
157.3,3.547,4.715,0.371,0.0,MONITORING
157.4,3.569,4.747,0.429,0.0,MONITORING
157.5,3.596,4.788,0.528,0.0,MONITORING
157.6,3.627,4.834,0.566,0.0,MONITORING
157.7,3.656,4.879,0.529,0.0,MONITORING
157.8,3.68,4.921,0.454,0.0,MONITORING
157.9,3.703,4.955,0.394,0.0,MONITORING
158.0,3.726,4.986,0.371,0.0,MONITORING
158.1,3.748,5.013,0.341,0.0,MONITORING
158.2,3.769,5.039,0.329,0.0,MONITORING
158.3,3.791,5.063,0.319,0.0,MONITORING
158.4,3.811,5.086,0.301,0.0,MONITORING
158.5,3.83,5.109,0.293,0.0,MONITORING
158.6,3.849,5.131,0.296,0.0,MONITORING
158.7,3.87,5.153,0.307,0.0,MONITORING
158.8,3.893,5.177,0.352,0.0,MONITORING
158.9,3.921,5.208,0.485,0.0,MONITORING
159.0,3.956,5.246,0.53,0.0,MONITORING
159.1,3.993,5.283,0.513,0.0,MONITORING
159.2,4.026,5.319,0.482,0.0,MONITORING
159.3,4.054,5.348,0.33,0.0,MONITORING
159.4,4.076,5.371,0.324,0.0,MONITORING
159.5,4.097,5.397,0.331,0.0,MONITORING
159.6,4.12,5.426,0.395,0.0,MONITORING
159.7,4.149,5.462,0.511,0.0,MONITORING
159.8,4.182,5.502,0.518,0.0,MONITORING
159.9,4.215,5.543,0.539,0.0,MONITORING
160.0,4.251,5.585,0.562,0.0,MONITORING
160.1,4.286,5.629,0.562,0.0,MONITORING
160.2,4.322,5.672,0.562,0.0,MONITORING
160.3,4.359,5.715,0.57,0.0,MONITORING
160.4,4.398,5.759,0.589,0.0,MONITORING
160.5,4.437,5.795,0.51,0.0,MONITORING
160.6,4.475,5.835,0.573,0.0,MONITORING
160.7,4.516,5.878,0.6,0.0,MONITORING
160.8,4.557,5.922,0.601,0.0,MONITORING
160.9,4.599,5.964,0.596,0.0,MONITORING
161.0,4.641,6.003,0.552,0.0,MONITORING
161.1,4.68,6.037,0.495,0.0,MONITORING
161.2,4.717,6.066,0.46,0.0,MONITORING
161.3,4.752,6.093,0.449,0.0,MONITORING
161.4,4.786,6.12,0.422,0.0,MONITORING
161.5,4.817,6.146,0.392,0.0,MONITORING
161.6,4.846,6.169,0.369,0.0,MONITORING
161.7,4.872,6.191,0.322,0.0,MONITORING
161.8,4.89,6.207,0.164,0.0,MONITORING
161.9,4.896,6.213,0.008,0.0,MONITORING
162.0,4.895,6.213,0.012,0.0,MONITORING
162.1,4.893,6.214,0.022,0.0,MONITORING
162.2,4.891,6.214,0.033,0.0,MONITORING
162.3,4.887,6.215,0.039,0.0,MONITORING
162.4,4.89,6.22,0.096,0.0,MONITORING
162.5,4.897,6.228,0.106,0.0,MONITORING
162.6,4.904,6.235,0.107,0.0,MONITORING
162.7,4.912,6.243,0.105,0.0,MONITORING
162.8,4.919,6.25,0.1,0.0,MONITORING
162.9,4.926,6.256,0.095,0.0,MONITORING
163.0,4.932,6.263,0.087,0.0,MONITORING
163.1,4.941,6.271,0.152,0.0,MONITORING
163.2,4.95,6.282,0.141,0.0,MONITORING
163.3,4.959,6.292,0.133,0.0,MONITORING
163.4,4.966,6.303,0.127,0.0,MONITORING
163.5,4.971,6.314,0.12,0.0,MONITORING
163.6,4.975,6.323,0.08,0.0,MONITORING
163.7,4.979,6.33,0.088,0.0,MONITORING
163.8,4.981,6.34,0.103,0.0,MONITORING
163.9,4.983,6.35,0.102,0.0,MONITORING
164.0,4.985,6.36,0.101,0.0,MONITORING
164.1,4.987,6.37,0.101,0.0,MONITORING
164.2,4.989,6.38,0.102,0.0,MONITORING
164.3,4.991,6.39,0.102,0.0,MONITORING
164.4,4.993,6.399,0.094,0.0,MONITORING
164.5,4.995,6.407,0.071,0.0,MONITORING
164.6,4.997,6.413,0.061,0.0,MONITORING
164.7,4.999,6.419,0.062,0.0,MONITORING
164.8,5.001,6.425,0.062,0.0,MONITORING
164.9,5.003,6.431,0.062,0.0,MONITORING
165.0,5.005,6.436,0.063,0.0,MONITORING
165.1,5.007,6.442,0.064,0.0,MONITORING
165.2,5.01,6.448,0.065,0.0,MONITORING
165.3,5.013,6.454,0.068,0.0,MONITORING
165.4,5.017,6.46,0.074,0.0,MONITORING
165.5,5.023,6.465,0.082,0.0,MONITORING
165.6,5.03,6.47,0.087,0.0,MONITORING
165.7,5.037,6.475,0.095,0.0,MONITORING
165.8,5.046,6.48,0.097,0.0,MONITORING
165.9,5.054,6.484,0.095,0.0,MONITORING
166.0,5.063,6.488,0.094,0.0,MONITORING
166.1,5.071,6.493,0.092,0.0,MONITORING
166.2,5.079,6.497,0.091,0.0,MONITORING
166.3,5.087,6.501,0.09,0.0,MONITORING
166.4,5.096,6.506,0.106,0.0,MONITORING
166.5,5.105,6.511,0.107,0.0,MONITORING
166.6,5.114,6.516,0.102,0.0,MONITORING
166.7,5.123,6.521,0.107,0.0,MONITORING
166.8,5.132,6.526,0.088,0.0,MONITORING
166.9,5.135,6.531,0.054,0.0,MONITORING
167.0,5.137,6.538,0.085,0.0,MONITORING
167.1,5.139,6.545,0.072,0.0,MONITORING
167.2,5.14,6.552,0.072,0.0,MONITORING
167.3,5.142,6.559,0.072,0.0,MONITORING
167.4,5.144,6.566,0.072,0.0,MONITORING
167.5,5.145,6.573,0.072,0.0,MONITORING
167.6,5.147,6.58,0.072,0.0,MONITORING
167.7,5.149,6.587,0.07,0.0,MONITORING
167.8,5.15,6.594,0.07,0.0,MONITORING
167.9,5.152,6.601,0.07,0.0,MONITORING
168.0,5.153,6.607,0.07,0.0,MONITORING
168.1,5.156,6.616,0.094,0.0,MONITORING
168.2,5.158,6.625,0.093,0.0,MONITORING
168.3,5.16,6.634,0.092,0.0,MONITORING
168.4,5.162,6.643,0.091,0.0,MONITORING
168.5,5.164,6.651,0.09,0.0,MONITORING
168.6,5.166,6.66,0.09,0.0,MONITORING
168.7,5.168,6.669,0.089,0.0,MONITORING
168.8,5.17,6.678,0.089,0.0,MONITORING
168.9,5.172,6.686,0.088,0.0,MONITORING
169.0,5.174,6.695,0.087,0.0,MONITORING
169.1,5.176,6.703,0.087,0.0,MONITORING
169.2,5.178,6.711,0.086,0.0,MONITORING
169.3,5.18,6.72,0.087,0.0,MONITORING
169.4,5.183,6.728,0.087,0.0,MONITORING
169.5,5.185,6.736,0.085,0.0,MONITORING
169.6,5.189,6.744,0.084,0.0,MONITORING
169.7,5.192,6.752,0.085,0.0,MONITORING
169.8,5.195,6.76,0.085,0.0,MONITORING
169.9,5.198,6.768,0.084,0.0,MONITORING
170.0,5.201,6.775,0.083,0.0,MONITORING
170.1,5.204,6.783,0.083,0.0,MONITORING
170.2,5.207,6.791,0.081,0.0,MONITORING
170.3,5.21,6.798,0.08,0.0,MONITORING
170.4,5.213,6.806,0.08,0.0,MONITORING
170.5,5.216,6.813,0.08,0.0,MONITORING
170.6,5.219,6.82,0.08,0.0,MONITORING
170.7,5.222,6.828,0.08,0.0,MONITORING
170.8,5.225,6.835,0.08,0.0,MONITORING
170.9,5.228,6.843,0.08,0.0,MONITORING
171.0,5.231,6.85,0.08,0.0,MONITORING
171.1,5.234,6.857,0.08,0.0,MONITORING
171.2,5.237,6.865,0.08,0.0,MONITORING
171.3,5.24,6.872,0.081,0.0,MONITORING
171.4,5.243,6.88,0.081,0.0,MONITORING
171.5,5.246,6.887,0.079,0.0,MONITORING
171.6,5.249,6.894,0.076,0.0,MONITORING
171.7,5.252,6.901,0.074,0.0,MONITORING
171.8,5.255,6.908,0.073,0.0,MONITORING
171.9,5.258,6.915,0.073,0.0,MONITORING
172.0,5.26,6.922,0.073,0.0,MONITORING
172.1,5.263,6.928,0.074,0.0,MONITORING
172.2,5.267,6.937,0.094,0.0,MONITORING
172.3,5.271,6.945,0.09,0.0,MONITORING
172.4,5.276,6.952,0.089,0.0,MONITORING
172.5,5.282,6.959,0.092,0.0,MONITORING
172.6,5.289,6.965,0.095,0.0,MONITORING
172.7,5.296,6.972,0.097,0.0,MONITORING
172.8,5.303,6.979,0.1,0.0,MONITORING
172.9,5.311,6.985,0.099,0.0,MONITORING
173.0,5.319,6.991,0.096,0.0,MONITORING
173.1,5.326,6.997,0.095,0.0,MONITORING
173.2,5.333,7.003,0.093,0.0,MONITORING
173.3,5.34,7.009,0.091,0.0,MONITORING
173.4,5.347,7.015,0.09,0.0,MONITORING
173.5,5.354,7.02,0.088,0.0,MONITORING
173.6,5.36,7.026,0.087,0.0,MONITORING
173.7,5.367,7.032,0.085,0.0,MONITORING
173.8,5.374,7.039,0.104,0.0,MONITORING
173.9,5.378,7.046,0.087,0.0,MONITORING
174.0,5.383,7.054,0.086,0.0,MONITORING
174.1,5.387,7.061,0.085,0.0,MONITORING
174.2,5.391,7.069,0.083,0.0,MONITORING
174.3,5.395,7.076,0.082,0.0,MONITORING
174.4,5.399,7.083,0.081,0.0,MONITORING
174.5,5.403,7.09,0.08,0.0,MONITORING
174.6,5.406,7.097,0.079,0.0,MONITORING
174.7,5.41,7.104,0.078,0.0,MONITORING
174.8,5.414,7.111,0.078,0.0,MONITORING
174.9,5.417,7.117,0.083,0.0,MONITORING
175.0,5.425,7.126,0.124,0.0,MONITORING
175.1,5.434,7.134,0.122,0.0,MONITORING
175.2,5.442,7.143,0.119,0.0,MONITORING
175.3,5.45,7.151,0.117,0.0,MONITORING
175.4,5.459,7.159,0.115,0.0,MONITORING
175.5,5.466,7.168,0.113,0.0,MONITORING
175.6,5.474,7.176,0.111,0.0,MONITORING
175.7,5.482,7.183,0.109,0.0,MONITORING
175.8,5.491,7.193,0.149,0.0,MONITORING
175.9,5.501,7.204,0.141,0.0,MONITORING
176.0,5.511,7.214,0.136,0.0,MONITORING
176.1,5.519,7.223,0.111,0.0,MONITORING
176.2,5.526,7.232,0.108,0.0,MONITORING
176.3,5.533,7.24,0.106,0.0,MONITORING
176.4,5.539,7.248,0.104,0.0,MONITORING
176.5,5.546,7.256,0.101,0.0,MONITORING
176.6,5.552,7.264,0.1,0.0,MONITORING
176.7,5.558,7.272,0.098,0.0,MONITORING
176.8,5.564,7.279,0.097,0.0,MONITORING
176.9,5.572,7.289,0.139,0.0,MONITORING
177.0,5.58,7.3,0.137,0.0,MONITORING
177.1,5.588,7.311,0.131,0.0,MONITORING
177.2,5.596,7.321,0.126,0.0,MONITORING
177.3,5.603,7.331,0.123,0.0,MONITORING
177.4,5.611,7.34,0.12,0.0,MONITORING
177.5,5.618,7.35,0.122,0.0,MONITORING
177.6,5.625,7.36,0.124,0.0,MONITORING
177.7,5.633,7.369,0.124,0.0,MONITORING
177.8,5.64,7.379,0.121,0.0,MONITORING
177.9,5.648,7.388,0.119,0.0,MONITORING
178.0,5.655,7.397,0.115,0.0,MONITORING
178.1,5.662,7.406,0.113,0.0,MONITORING
178.2,5.669,7.415,0.113,0.0,MONITORING
178.3,5.675,7.424,0.106,0.0,MONITORING
178.4,5.681,7.432,0.1,0.0,MONITORING
178.5,5.689,7.443,0.145,0.0,MONITORING
178.6,5.697,7.455,0.143,0.0,MONITORING
178.7,5.706,7.466,0.138,0.0,MONITORING
178.8,5.713,7.477,0.132,0.0,MONITORING
178.9,5.721,7.487,0.129,0.0,MONITORING
179.0,5.728,7.498,0.127,0.0,MONITORING
179.1,5.736,7.508,0.128,0.0,MONITORING
179.2,5.743,7.518,0.125,0.0,MONITORING
179.3,5.75,7.528,0.123,0.0,MONITORING
179.4,5.757,7.538,0.12,0.0,MONITORING
179.5,5.764,7.547,0.116,0.0,MONITORING
179.6,5.771,7.557,0.114,0.0,MONITORING
179.7,5.777,7.566,0.112,0.0,MONITORING
179.8,5.786,7.578,0.168,0.0,MONITORING
179.9,5.795,7.592,0.163,0.0,MONITORING
180.0,5.804,7.605,0.155,0.0,MONITORING
180.1,5.812,7.617,0.141,0.0,MONITORING
180.2,5.819,7.628,0.128,0.0,MONITORING
180.3,5.825,7.639,0.12,0.0,MONITORING
180.4,5.831,7.649,0.116,0.0,MONITORING
180.5,5.837,7.659,0.114,0.0,MONITORING
180.6,5.842,7.669,0.111,0.0,MONITORING
180.7,5.848,7.678,0.108,0.0,MONITORING
180.8,5.853,7.688,0.11,0.0,MONITORING
180.9,5.858,7.698,0.116,0.0,MONITORING
181.0,5.863,7.708,0.118,0.0,MONITORING
181.1,5.871,7.722,0.179,0.0,MONITORING
181.2,5.879,7.739,0.19,0.0,MONITORING
181.3,5.888,7.755,0.183,0.0,MONITORING
181.4,5.895,7.771,0.173,0.0,MONITORING
181.5,5.902,7.786,0.167,0.0,MONITORING
181.6,5.909,7.801,0.16,0.0,MONITORING
181.7,5.916,7.815,0.157,0.0,MONITORING
181.8,5.923,7.829,0.15,0.0,MONITORING
181.9,5.929,7.842,0.146,0.0,MONITORING
182.0,5.935,7.855,0.143,0.0,MONITORING
182.1,5.941,7.868,0.14,0.0,MONITORING
182.2,5.949,7.881,0.157,0.0,MONITORING
182.3,5.956,7.895,0.154,0.0,MONITORING
182.4,5.964,7.908,0.149,0.0,MONITORING
182.5,5.971,7.921,0.145,0.0,MONITORING
182.6,5.977,7.933,0.142,0.0,MONITORING
182.7,5.984,7.945,0.139,0.0,MONITORING
182.8,5.993,7.963,0.223,0.0,MONITORING
182.9,6.003,7.982,0.217,0.0,MONITORING
183.0,6.012,8.0,0.204,0.0,MONITORING
183.1,6.021,8.017,0.189,0.0,MONITORING
183.2,6.03,8.033,0.17,0.0,MONITORING
183.3,6.038,8.048,0.167,0.0,MONITORING
183.4,6.045,8.062,0.162,0.0,MONITORING
183.5,6.053,8.077,0.165,0.0,MONITORING
183.6,6.06,8.092,0.161,0.0,MONITORING
183.7,6.069,8.11,0.234,0.0,MONITORING
183.8,6.081,8.135,0.294,0.0,MONITORING
183.9,6.093,8.16,0.274,0.0,MONITORING
184.0,6.103,8.184,0.245,0.0,MONITORING
184.1,6.113,8.204,0.223,0.0,MONITORING
184.2,6.122,8.224,0.211,0.0,MONITORING
184.3,6.13,8.243,0.201,0.0,MONITORING
184.4,6.138,8.26,0.188,0.0,MONITORING
184.5,6.145,8.277,0.18,0.0,MONITORING
184.6,6.152,8.293,0.176,0.0,MONITORING
184.7,6.159,8.309,0.171,0.0,MONITORING
184.8,6.166,8.325,0.167,0.0,MONITORING
184.9,6.172,8.34,0.16,0.0,MONITORING
185.0,6.18,8.359,0.229,0.0,MONITORING
185.1,6.19,8.384,0.293,0.0,MONITORING
185.2,6.201,8.41,0.275,0.0,MONITORING
185.3,6.21,8.435,0.253,0.0,MONITORING
185.4,6.219,8.458,0.241,0.0,MONITORING
185.5,6.226,8.48,0.224,0.0,MONITORING
185.6,6.233,8.5,0.203,0.0,MONITORING
185.7,6.239,8.518,0.19,0.0,MONITORING
185.8,6.245,8.535,0.18,0.0685,MONITORING
185.9,6.251,8.552,0.177,0.0,MONITORING
186.0,6.257,8.568,0.171,0.0469,MONITORING
186.1,6.262,8.584,0.166,0.1478,MONITORING
186.2,6.267,8.6,0.162,0.0504,MONITORING
186.3,6.273,8.622,0.275,0.0,MONITORING
186.4,6.282,8.654,0.355,0.0,MONITORING
186.5,6.291,8.687,0.329,0.0,MONITORING
186.6,6.299,8.715,0.272,0.0,MONITORING
186.7,6.307,8.741,0.266,0.0,MONITORING
186.8,6.314,8.765,0.239,0.0,MONITORING
186.9,6.32,8.786,0.218,0.1085,MONITORING
187.0,6.325,8.806,0.202,0.0,MONITORING
187.1,6.331,8.827,0.213,0.0,MONITORING
187.2,6.336,8.846,0.196,0.0,MONITORING
187.3,6.341,8.864,0.185,0.0,MONITORING
187.4,6.345,8.881,0.169,0.0,MONITORING
187.5,6.349,8.897,0.164,0.0,MONITORING
187.6,6.353,8.913,0.155,0.1314,MONITORING
187.7,6.356,8.928,0.151,0.1314,MONITORING
187.8,6.362,8.95,0.271,0.1314,MONITORING
187.9,6.37,8.986,0.448,0.0,MONITORING
188.0,6.377,9.027,0.401,0.0,MONITORING
188.1,6.383,9.065,0.362,0.0,MONITORING
188.2,6.389,9.099,0.337,0.0,MONITORING
188.3,6.394,9.13,0.298,0.0,MONITORING
188.4,6.398,9.157,0.252,0.0,MONITORING
188.5,6.403,9.185,0.304,0.0,MONITORING
188.6,6.406,9.213,0.27,0.0,MONITORING
188.7,6.41,9.238,0.24,0.0,MONITORING
188.8,6.413,9.264,0.264,0.0,MONITORING
188.9,6.416,9.289,0.248,0.0,MONITORING
189.0,6.418,9.312,0.225,0.0,MONITORING
189.1,6.42,9.333,0.207,0.0,MONITORING
189.2,6.423,9.36,0.31,0.0,MONITORING
189.3,6.425,9.39,0.287,0.0,MONITORING
189.4,6.427,9.417,0.262,0.0,MONITORING
189.5,6.428,9.446,0.313,0.0,MONITORING
189.6,6.429,9.476,0.291,0.0,MONITORING
189.7,6.429,9.504,0.272,0.0,MONITORING
189.8,6.43,9.534,0.319,0.0,MONITORING
189.9,6.429,9.567,0.331,0.0,MONITORING
190.0,6.429,9.598,0.305,0.0,MONITORING
190.1,6.428,9.627,0.283,0.0,MONITORING
190.2,6.426,9.66,0.362,0.0,MONITORING
190.3,6.422,9.694,0.336,0.0,MONITORING
190.4,6.417,9.726,0.317,0.0,MONITORING
190.5,6.413,9.76,0.362,0.0,MONITORING
190.6,6.407,9.801,0.447,0.0,MONITORING
190.7,6.401,9.846,0.458,0.0,MONITORING
190.8,6.395,9.892,0.459,0.0,MONITORING
190.9,6.388,9.937,0.449,0.0,MONITORING
191.0,6.381,9.98,0.405,0.0393,MONITORING
191.1,6.376,10.02,0.407,0.0393,MONITORING
191.2,6.373,10.059,0.371,0.0,MONITORING
191.3,6.375,10.093,0.322,0.0,MONITORING
191.4,6.379,10.124,0.311,0.0,MONITORING
191.5,6.382,10.156,0.313,0.0,MONITORING
191.6,6.389,10.182,0.254,0.0,MONITORING
191.7,6.398,10.206,0.263,0.0,MONITORING
191.8,6.408,10.234,0.311,0.0,MONITORING
191.9,6.42,10.269,0.412,0.0,MONITORING
192.0,6.436,10.311,0.46,0.0,MONITORING
192.1,6.454,10.356,0.508,0.0,MONITORING
192.2,6.471,10.405,0.526,0.0,MONITORING
192.3,6.484,10.452,0.464,0.0,MONITORING
192.4,6.491,10.49,0.343,0.0,MONITORING
192.5,6.497,10.526,0.383,0.0,MONITORING
192.6,6.499,10.568,0.432,0.0,MONITORING
192.7,6.5,10.613,0.467,0.0,MONITORING
192.8,6.501,10.662,0.501,0.0,MONITORING
192.9,6.502,10.713,0.515,0.0,MONITORING
193.0,6.503,10.764,0.495,0.0,MONITORING
193.1,6.504,10.811,0.46,0.0,MONITORING
193.2,6.508,10.853,0.391,0.0,MONITORING
193.3,6.514,10.889,0.348,0.0,MONITORING
193.4,6.518,10.922,0.341,0.0,MONITORING
193.5,6.524,10.958,0.366,0.0,MONITORING
193.6,6.53,10.995,0.378,0.0,MONITORING
193.7,6.537,11.033,0.392,0.0,MONITORING
193.8,6.544,11.073,0.403,0.0,MONITORING
193.9,6.55,11.114,0.424,0.0,MONITORING
194.0,6.553,11.154,0.369,0.0,MONITORING
194.1,6.553,11.183,0.241,0.0,MONITORING
194.2,6.55,11.207,0.23,0.0,MONITORING
194.3,6.548,11.228,0.213,0.0,MONITORING
194.4,6.543,11.258,0.348,0.0,MONITORING
194.5,6.539,11.297,0.401,0.0,MONITORING
194.6,6.536,11.334,0.362,0.0,MONITORING
194.7,6.533,11.368,0.323,0.0,MONITORING
194.8,6.53,11.403,0.371,0.0,MONITORING
194.9,6.528,11.437,0.308,0.0,MONITORING
195.0,6.529,11.462,0.227,0.0,MONITORING
195.1,6.529,11.485,0.229,0.0,MONITORING
195.2,6.528,11.512,0.289,0.0,MONITORING
195.3,6.525,11.545,0.351,0.0,MONITORING
195.4,6.521,11.581,0.372,0.0,MONITORING
195.5,6.517,11.618,0.376,0.0,MONITORING
195.6,6.513,11.655,0.356,0.0,MONITORING
195.7,6.51,11.692,0.379,0.0,MONITORING
195.8,6.503,11.731,0.395,0.0,MONITORING
195.9,6.491,11.769,0.401,0.0,MONITORING
196.0,6.478,11.805,0.373,0.0,MONITORING
196.1,6.465,11.841,0.364,0.0,MONITORING
196.2,6.455,11.878,0.385,0.0,MONITORING
196.3,6.446,11.917,0.407,0.0,MONITORING
196.4,6.439,11.952,0.294,0.0,MONITORING
196.5,6.434,11.976,0.23,0.0,MONITORING
196.6,6.427,12.002,0.357,0.0,MONITORING
196.7,6.418,12.042,0.428,0.0,MONITORING
196.8,6.409,12.091,0.569,0.0,MONITORING
196.9,6.393,12.154,0.709,0.0,MONITORING
197.0,6.374,12.224,0.727,0.0,MONITORING
197.1,6.355,12.295,0.726,0.0,MONITORING
197.2,6.34,12.36,0.634,0.0,MONITORING
197.3,6.332,12.415,0.508,0.0,MONITORING
197.4,6.327,12.457,0.359,0.0,MONITORING
197.5,6.324,12.494,0.399,0.0,MONITORING
197.6,6.321,12.537,0.46,0.0,MONITORING
197.7,6.318,12.588,0.554,0.0,MONITORING
197.8,6.313,12.646,0.588,0.0,MONITORING
197.9,6.304,12.701,0.518,0.0,MONITORING
198.0,6.297,12.742,0.361,0.0,MONITORING
198.1,6.291,12.772,0.27,0.0,MONITORING
198.2,6.282,12.796,0.23,0.0,MONITORING
198.3,6.274,12.825,0.4,0.0,MONITORING
198.4,6.264,12.871,0.536,0.0,MONITORING
198.5,6.253,12.925,0.557,0.0,MONITORING
198.6,6.24,12.981,0.581,0.0,MONITORING
198.7,6.226,13.039,0.598,0.0,MONITORING
198.8,6.214,13.096,0.581,0.0,MONITORING
198.9,6.204,13.152,0.564,0.0,MONITORING
199.0,6.193,13.204,0.498,0.0,MONITORING
199.1,6.184,13.244,0.366,0.0,MONITORING
199.2,6.178,13.275,0.287,0.0,MONITORING
199.3,6.168,13.307,0.372,0.0,MONITORING
199.4,6.157,13.346,0.426,0.0,MONITORING
199.5,6.143,13.386,0.426,0.0,MONITORING
199.6,6.128,13.424,0.394,0.0,MONITORING
199.7,6.114,13.46,0.379,0.0,MONITORING
199.8,6.098,13.498,0.45,0.0,MONITORING
199.9,6.086,13.543,0.472,0.0,MONITORING
200.0,6.08,13.59,0.466,0.0,MONITORING
200.1,6.076,13.634,0.431,0.0,MONITORING
200.2,6.073,13.677,0.431,0.0,MONITORING
200.3,6.069,13.719,0.41,0.0,MONITORING
200.4,6.065,13.76,0.4,0.0,MONITORING
200.5,6.06,13.801,0.417,0.0,MONITORING
200.6,6.054,13.842,0.427,0.0,MONITORING
200.7,6.048,13.884,0.425,0.0,MONITORING
200.8,6.042,13.926,0.419,0.0,MONITORING
200.9,6.034,13.968,0.449,0.0,MONITORING
201.0,6.024,14.012,0.442,0.0,MONITORING
201.1,6.013,14.056,0.454,0.0,MONITORING
201.2,6.002,14.101,0.467,0.0,MONITORING
201.3,5.987,14.148,0.516,0.0,MONITORING
201.4,5.968,14.196,0.529,0.0,MONITORING
201.5,5.947,14.244,0.524,0.0,MONITORING
201.6,5.926,14.292,0.519,0.0,MONITORING
201.7,5.903,14.341,0.548,0.0,MONITORING
201.8,5.88,14.393,0.583,0.0,MONITORING
201.9,5.858,14.447,0.579,0.0,MONITORING
202.0,5.839,14.501,0.577,0.0,MONITORING
202.1,5.82,14.555,0.57,0.0,MONITORING
202.2,5.799,14.611,0.61,0.0,MONITORING
202.3,5.776,14.667,0.597,0.0,MONITORING
202.4,5.753,14.722,0.591,0.0,MONITORING
202.5,5.73,14.776,0.581,0.0,MONITORING
202.6,5.707,14.829,0.575,0.0,MONITORING
202.7,5.685,14.881,0.567,0.0,MONITORING
202.8,5.663,14.932,0.552,0.0,MONITORING
202.9,5.64,14.982,0.55,0.0,MONITORING
203.0,5.613,15.031,0.555,0.0,MONITORING
203.1,5.585,15.081,0.59,0.0,MONITORING
203.2,5.556,15.131,0.584,0.0,MONITORING
203.3,5.522,15.177,0.558,0.0,MONITORING
203.4,5.488,15.219,0.525,0.0,MONITORING
203.5,5.459,15.26,0.502,0.0,MONITORING
203.6,5.429,15.301,0.522,0.0,MONITORING
203.7,5.4,15.343,0.497,0.0,MONITORING
203.8,5.375,15.384,0.475,0.0,MONITORING
203.9,5.353,15.425,0.457,0.0,MONITORING
204.0,5.333,15.467,0.457,0.0,MONITORING
204.1,5.315,15.51,0.467,0.0,MONITORING
204.2,5.299,15.547,0.382,0.0,MONITORING
204.3,5.289,15.58,0.322,0.0,MONITORING
204.4,5.281,15.609,0.296,0.0,MONITORING
204.5,5.273,15.631,0.183,0.0,MONITORING
204.6,5.272,15.64,0.028,0.0,MONITORING
204.7,5.271,15.64,0.008,0.0,MONITORING
